701,Yorker,Philippson,yphilippsonjg@51.la,6 Northview Lane,Hampton,VA,23668,104-26-8821,1987-06-14
702,Bucky,McAllen,bmcallenjh@whitehouse.gov,680 Holmberg Point,Pensacola,FL,32511,580-08-2608,1996-05-20
703,Madel,Pilfold,mpilfoldji@yellowbook.com,0122 Basil Place,Dayton,OH,45490,717-77-9359,1989-08-03
704,Selestina,Tinline,stinlinejj@etsy.com,1546 Eliot Drive,Dallas,TX,75216,609-94-4256,1981-10-07
705,Ericha,Sinton,esintonjk@cnbc.com,55 Canary Junction,Sacramento,CA,95828,734-43-3511,1986-08-06
706,Lise,Wallworth,lwallworthjl@blogspot.com,10 Grim Way,Miami,FL,33180,546-04-8406,1995-07-11
707,Darrel,Goburn,dgoburnjm@timesonline.co.uk,53 Almo Circle,Washington,DC,20078,838-71-5960,1980-10-02
708,Emmye,Adshad,eadshadjn@amazon.de,8 Dorton Trail,Columbia,MO,65211,704-79-6596,1990-05-18
709,Evania,Dow,edowjo@cargocollective.com,0756 2nd Street,Sioux City,IA,51110,729-58-0666,1992-05-01
710,Tony,Balmforth,tbalmforthjp@google.cn,7913 Everett Road,Louisville,KY,40210,200-82-1400,1998-09-25
711,Alyda,Chainey,achaineyjq@washingtonpost.com,21 Moose Avenue,Glendale,AZ,85305,506-10-8680,1992-02-18
712,Gilburt,Adame,gadamejr@booking.com,55339 Merchant Street,Albany,NY,12262,568-68-2709,1987-06-11
713,Nickolai,Bea,nbeajs@over-blog.com,005 Dwight Street,Columbus,OH,43204,115-35-9721,1994-03-02
714,Mayne,Shitliff,mshitliffjt@w3.org,767 Brickson Park Crossing,Washington,DC,20420,531-56-2928,1981-12-31
715,Langsdon,Stanlack,lstanlackju@google.it,83 Basil Plaza,Phoenix,AZ,85020,593-66-5005,1987-11-01
716,Phillie,Meco,pmecojv@army.mil,90602 Cambridge Court,Fort Smith,AR,72905,797-65-2120,1981-12-03
717,Nat,Northridge,nnorthridgejw@xrea.com,4 Anthes Park,Winter Haven,FL,33884,367-77-0219,1995-09-25
718,Niles,Castelow,ncastelowjx@nba.com,54 Erie Alley,Minneapolis,MN,55412,740-69-4920,1986-03-22
719,Audra,Gross,agrossjy@a8.net,72 Utah Terrace,Baltimore,MD,21275,334-83-6647,1991-07-12
720,Grannie,Ackrill,gackrilljz@pcworld.com,6 Texas Park,Atlanta,GA,30323,693-98-1600,1986-01-12
721,Bobbe,Bagby,bbagbyk0@go.com,72 Lunder Place,Detroit,MI,48258,419-08-1035,1994-07-13
722,Shaun,Barfield,sbarfieldk1@chronoengine.com,6 Maple Point,Roanoke,VA,24040,258-93-4452,1981-09-27
723,Westleigh,Yvon,wyvonk2@google.co.jp,5 Grasskamp Center,Los Angeles,CA,90081,548-79-7813,1989-12-11
724,Sharity,Ronaghan,sronaghank3@taobao.com,39 Blaine Place,San Francisco,CA,94116,141-68-9542,1993-08-24
725,Tiphanie,Lorriman,tlorrimank4@devhub.com,4 Autumn Leaf Lane,Las Vegas,NV,89145,278-15-7926,1987-03-19
726,Daron,Nezey,dnezeyk5@vkontakte.ru,060 Steensland Crossing,Orlando,FL,32859,325-49-0182,1989-04-12
727,Serge,Gemson,sgemsonk6@un.org,50 Lien Center,Washington,DC,20425,509-11-5049,1998-02-19
728,Aida,Slyde,aslydek7@newyorker.com,398 Washington Hill,Wichita,KS,67205,333-93-1700,1989-09-11
729,Meade,Gunson,mgunsonk8@latimes.com,23 7th Plaza,Albuquerque,NM,87201,114-29-9828,1998-02-07
730,Essa,Cuel,ecuelk9@ezinearticles.com,53 Melody Street,Scranton,PA,18505,352-15-0696,1996-10-04
731,Guillema,Emig,gemigka@cbc.ca,9 Tennyson Hill,El Paso,TX,79940,190-56-8398,2000-05-13
732,Felicia,Sarson,fsarsonkb@yelp.com,5748 Mallard Circle,Tulsa,OK,74116,567-73-4611,1984-06-13
733,Tiffani,Lehrer,tlehrerkc@w3.org,3 Blue Bill Park Center,Indianapolis,IN,46207,850-17-3211,1991-06-21
734,Corrinne,Scholtis,cscholtiskd@theatlantic.com,5 Killdeer Plaza,Louisville,KY,40225,842-67-9172,1981-02-14
735,Darcey,Arrol,darrolke@wikimedia.org,73007 Little Fleur Terrace,Cleveland,OH,44191,844-08-0312,1983-06-06
736,Wilow,Everit,weveritkf@sun.com,541 Walton Avenue,Denver,CO,80209,737-26-6720,1993-09-21
737,Ferdinande,Village,fvillagekg@feedburner.com,43 Garrison Parkway,Shawnee Mission,KS,66210,630-98-7218,1988-06-13
738,Brit,Sibbet,bsibbetkh@dagondesign.com,17 Sauthoff Road,Palmdale,CA,93591,117-80-5581,1997-09-22
739,Konrad,Paske,kpaskeki@prweb.com,9386 Mandrake Parkway,Tacoma,WA,98481,449-05-0422,1980-07-07
740,Burl,Kelwick,bkelwickkj@indiatimes.com,9012 Northfield Court,New Orleans,LA,70116,414-49-4387,1999-01-20
741,Andie,Eggleton,aeggletonkk@nyu.edu,0820 Magdeline Plaza,Boulder,CO,80310,687-51-6964,1984-04-23
742,Batsheva,Agar,bagarkl@yandex.ru,9 Wayridge Circle,Saint Louis,MO,63169,228-49-2431,1982-05-19
743,Edmund,Waldron,ewaldronkm@cyberchimps.com,82792 Judy Trail,Jamaica,NY,11480,535-49-5718,1991-11-04
744,Penelope,Straffon,pstraffonkn@google.fr,1684 Thierer Way,Arlington,VA,22234,814-75-5594,1988-02-02
745,Hershel,Ridolfi,hridolfiko@indiatimes.com,82106 Delaware Place,Bakersfield,CA,93386,113-05-7283,1985-09-16
746,Velvet,MacAfee,vmacafeekp@netvibes.com,98 Ohio Lane,Topeka,KS,66617,147-13-8782,1984-05-27
747,Shirlene,Crandon,scrandonkq@netlog.com,02415 Farwell Terrace,Bellevue,WA,98008,535-94-5986,1993-08-12
748,Karen,Drinkall,kdrinkallkr@webeden.co.uk,26733 Gulseth Hill,Durham,NC,27710,630-60-6800,1999-03-07
749,Susanna,McGray,smcgrayks@dion.ne.jp,6 Muir Court,Inglewood,CA,90398,608-10-4797,1987-09-27
750,Mia,Skerm,mskermkt@163.com,517 Hallows Road,Anchorage,AK,99599,346-16-7328,2000-05-14
