Email_Id,first_name,last_name,email,Address,City,State,Zip,SSN,Birthdate,Part
335,Maisie,Waple,mwaple9a@hexun.com,582 Mariners Cove Terrace,Amarillo,TX,79105,433-94-6465,1987-06-09,2
336,Tracie,McKeveney,tmckeveney9b@alexa.com,365 Clarendon Crossing,Springfield,IL,62764,331-83-1629,1984-07-10,2
337,Clayborn,Basey,cbasey9c@ameblo.jp,6103 Manitowish Crossing,Toledo,OH,43666,154-94-2642,1990-07-05,2
338,Lowe,Netley,lnetley9d@spiegel.de,5 Larry Court,Maple Plain,MN,55579,462-73-0113,1993-07-03,2
339,Pauli,Harrington,pharrington9e@smh.com.au,5265 Sachs Junction,Dallas,TX,75260,529-93-1414,1997-05-03,2
340,Herc,Swyndley,hswyndley9f@ibm.com,9 Holmberg Lane,Huntsville,AL,35895,241-65-0707,1982-04-03,2
341,Lavinia,Christon,lchriston9g@constantcontact.com,64 Superior Hill,Fort Wayne,IN,46896,291-11-3132,1994-10-22,2
342,Maryellen,Helks,mhelks9h@opera.com,9 Hayes Hill,Houston,TX,77281,472-52-2253,1991-09-19,2
343,Arlena,Runnalls,arunnalls9i@webmd.com,6 Moland Avenue,Lansing,MI,48930,861-07-6770,1993-02-12,2
344,Bettina,Reilly,breilly9j@zdnet.com,4436 Hanover Center,Salt Lake City,UT,84189,521-74-4761,1997-03-19,2
345,Sander,MacCague,smaccague9k@cisco.com,6 Emmet Park,Santa Ana,CA,92705,792-80-9900,1983-11-10,2
346,Maiga,Hirjak,mhirjak9l@gov.uk,36989 Becker Lane,Chicago,IL,60697,185-41-9216,1983-03-23,2
347,Kizzee,Lerner,klerner9m@xing.com,4897 Ilene Park,Montgomery,AL,36119,736-56-1978,1992-11-14,2
348,Lorne,Neilly,lneilly9n@slashdot.org,0143 Marcy Lane,Topeka,KS,66617,626-82-6751,1985-06-29,2
349,Maxim,Patise,mpatise9o@nsw.gov.au,9110 Manitowish Trail,Seminole,FL,34642,599-89-2765,1996-11-08,2
350,Ofilia,Jendricke,ojendricke9p@newsvine.com,015 Manufacturers Avenue,Juneau,AK,99812,634-76-5646,1998-12-31,2
351,Sherye,Macauley,smacauley9q@timesonline.co.uk,010 Bashford Terrace,Kansas City,MO,64179,743-87-2435,1988-03-08,2
352,Nikos,Seeks,nseeks9r@biglobe.ne.jp,1 Village Green Park,Sacramento,CA,94207,602-70-1687,1987-10-23,2
353,Karly,Spera,kspera9s@aol.com,826 Bobwhite Road,Topeka,KS,66642,395-21-1732,1997-11-04,2
354,Errick,Lemmen,elemmen9t@discovery.com,2442 Artisan Hill,Honolulu,HI,96820,456-38-2917,1988-03-07,2
355,Diena,Kliner,dkliner9u@amazon.com,1 Russell Court,Athens,GA,30610,734-71-2551,1981-06-17,2
356,Raynor,Eubank,reubank9v@sohu.com,8 Charing Cross Pass,Dallas,TX,75221,113-92-7659,1984-04-01,2
357,Tonie,Abrahamian,tabrahamian9w@ft.com,989 Calypso Drive,Rockford,IL,61105,184-87-2041,1992-07-28,2
358,Meara,Degoix,mdegoix9x@skype.com,8 Dahle Road,Houston,TX,77040,194-52-2233,1987-04-14,2
359,Damien,Wilden,dwilden9y@intel.com,10645 Sunbrook Street,Santa Ana,CA,92725,813-85-0017,1991-07-16,2
360,Maegan,Klement,mklement9z@google.co.uk,10558 Westport Park,Chicago,IL,60619,485-36-1554,1995-05-27,2
361,Guthry,Dabs,gdabsa0@buzzfeed.com,0210 Hollow Ridge Place,Newark,DE,19714,469-77-4927,1993-02-02,2
362,Staford,Mullany,smullanya1@ameblo.jp,1718 Marquette Avenue,Louisville,KY,40233,886-97-0044,1985-07-29,2
363,Svend,Gueinn,sgueinna2@google.it,5574 Lien Circle,San Antonio,TX,78250,377-09-1550,1981-06-09,2
364,Cordula,Lovelace,clovelacea3@pen.io,0055 Northport Crossing,Cincinnati,OH,45296,448-99-7276,1993-03-14,2
365,Waly,Rameau,wrameaua4@tinyurl.com,024 Donald Avenue,San Antonio,TX,78240,112-04-5072,1995-05-24,2
366,Celina,Seakes,cseakesa5@ifeng.com,17212 Annamark Alley,Birmingham,AL,35295,416-02-6460,1983-02-25,2
367,Dale,Korejs,dkorejsa6@phpbb.com,599 Westridge Hill,Decatur,GA,30033,368-79-2361,1993-03-24,2
368,Ode,Tiptaft,otiptafta7@scientificamerican.com,37 Carioca Point,Falls Church,VA,22047,675-24-6179,1986-06-02,2
369,Rachel,Jacobovitz,rjacobovitza8@bluehost.com,77786 Cordelia Point,Topeka,KS,66611,733-44-3522,1985-10-08,2
370,Marthe,Simeone,msimeonea9@google.nl,75978 Basil Park,Houston,TX,77218,614-60-1898,1984-02-24,2
371,Elita,Hyder,ehyderaa@sourceforge.net,9834 Mendota Circle,Reno,NV,89550,612-42-1786,1992-01-15,2
372,Phip,Klasing,pklasingab@merriam-webster.com,60 Oriole Crossing,Greensboro,NC,27415,239-55-3863,1987-11-28,2
373,Lem,Geeraert,lgeeraertac@pbs.org,973 Fair Oaks Road,New York City,NY,10029,774-68-8504,1989-07-26,2
374,Emmit,Ind,eindad@instagram.com,98 West Parkway,Detroit,MI,48258,483-69-2403,1992-01-11,2
375,Willi,Walduck,wwalduckae@creativecommons.org,94396 Anhalt Hill,Tucson,AZ,85725,260-78-8676,1986-01-12,2
376,Catie,Trevaskus,ctrevaskusaf@dion.ne.jp,3 Buhler Center,Buffalo,NY,14220,838-82-8787,1998-12-24,2
377,Christabella,Paige,cpaigeag@howstuffworks.com,78366 Harper Point,Baltimore,MD,21281,302-43-6241,1985-08-22,2
378,Iver,Gillivrie,igillivrieah@blogtalkradio.com,59 Eastwood Center,Erie,PA,16534,134-47-8695,1984-02-18,2
379,Dot,Print,dprintai@scientificamerican.com,1370 Maple Alley,Van Nuys,CA,91411,239-22-3855,1988-04-01,2
380,Hilario,Tumielli,htumielliaj@linkedin.com,53 Cordelia Circle,Oklahoma City,OK,73152,836-33-6364,1992-08-02,2
381,Lilyan,Wathall,lwathallak@exblog.jp,71570 Tony Park,Bakersfield,CA,93305,664-20-1680,1992-03-20,2
382,Aubry,Moralas,amoralasal@canalblog.com,9617 Scofield Street,Galveston,TX,77554,238-98-4526,1982-11-14,2
383,Consuelo,Garr,cgarram@admin.ch,0 Killdeer Avenue,Indianapolis,IN,46247,801-26-2737,1980-08-29,2
384,Margalo,Windebank,mwindebankan@networkadvertising.org,59415 Bultman Road,New York City,NY,10045,458-01-6672,1981-06-01,2
385,Augie,Belch,abelchao@acquirethisname.com,9383 Doe Crossing Center,Clearwater,FL,33758,822-11-8835,1989-05-20,2
386,Cassie,Parkyns,cparkynsap@arizona.edu,4 Clarendon Parkway,Warren,OH,44485,204-62-7290,1988-04-05,2
387,Issiah,Egar,iegaraq@scribd.com,575 Sommers Drive,Baltimore,MD,21275,572-76-4765,1998-08-11,2
388,Oby,Amner,oamnerar@fotki.com,16 Cordelia Place,Salt Lake City,UT,84135,617-79-5208,1998-09-29,2
389,Welsh,Heningam,wheningamas@forbes.com,8 Service Court,Orange,CA,92862,514-38-6291,1992-02-29,2
390,Mariette,Janks,mjanksat@newsvine.com,328 Kipling Avenue,Humble,TX,77346,307-23-4531,1997-11-14,2
391,Nariko,Fancott,nfancottau@yellowpages.com,716 Burning Wood Alley,Harrisburg,PA,17105,286-13-7490,1997-09-28,2
392,Babbette,Bennie,bbennieav@unicef.org,652 Clarendon Point,Biloxi,MS,39534,419-11-0932,1995-06-12,2
393,Kata,Lefort,klefortaw@moonfruit.com,4104 Montana Center,Nashville,TN,37235,259-05-1972,1980-11-15,2
394,Crawford,Morch,cmorchax@archive.org,6 Hagan Hill,Torrance,CA,90510,853-27-7766,1994-06-15,2
395,Joanna,Mann,jmannay@gnu.org,385 Florence Point,San Francisco,CA,94177,683-45-0418,1986-03-01,2
396,Kippar,Kirkwood,kkirkwoodaz@stanford.edu,013 Paget Street,Durham,NC,27705,370-84-8963,1997-04-24,2
397,Klemens,Urion,kurionb0@free.fr,9 Harper Hill,Springfield,IL,62718,211-54-2243,1993-02-12,2
398,Giavani,Rollett,grollettb1@infoseek.co.jp,974 Loomis Center,Modesto,CA,95354,116-44-8302,1981-10-05,2
399,Nicola,Vondrach,nvondrachb2@cbslocal.com,7369 Melby Drive,San Francisco,CA,94159,218-81-9465,1999-01-15,2
400,Ilene,McGerraghty,imcgerraghtyb3@altervista.org,36919 Sullivan Street,Phoenix,AZ,85099,878-68-3108,1982-05-14,2
401,Mata,Kneebone,mkneeboneb4@facebook.com,7 Everett Parkway,Washington,DC,20535,747-55-4923,1994-12-25,2
402,Giana,O'Hederscoll,gohederscollb5@posterous.com,55 Carberry Drive,Philadelphia,PA,19160,751-63-4580,1986-09-18,2
403,Gian,Leighfield,gleighfieldb6@nydailynews.com,72 Corscot Junction,Nashville,TN,37240,577-59-9915,1981-09-29,2
404,Arthur,Clancey,aclanceyb7@sakura.ne.jp,5597 Sutteridge Pass,Anderson,IN,46015,497-37-5389,1999-11-04,2
405,Chiquita,Royce,croyceb8@naver.com,596 Haas Place,Lubbock,TX,79405,427-69-2148,1989-02-07,2
406,Petunia,Vevers,pveversb9@nature.com,15 Merchant Avenue,Salem,OR,97312,459-53-3306,1988-07-23,2
407,Mathian,Wickes,mwickesba@godaddy.com,0950 Kensington Park,Chicago,IL,60619,386-02-3098,1987-12-04,2
408,Marybeth,Domb,mdombbb@aboutads.info,39 Ilene Avenue,Santa Ana,CA,92705,593-12-9740,1983-07-03,2
409,Ameline,Staniford,astanifordbc@jimdo.com,433 Nelson Plaza,Washington,DC,20215,119-93-6105,1996-06-28,2
410,Ty,Muncaster,tmuncasterbd@unesco.org,3 Becker Lane,San Rafael,CA,94913,537-57-9457,1983-11-03,2
411,Sadie,Gair,sgairbe@blogspot.com,789 7th Place,Tampa,FL,33680,418-51-2559,1996-10-15,2
412,Vikki,Manifield,vmanifieldbf@ocn.ne.jp,711 Main Avenue,Houston,TX,77240,399-70-4208,1989-04-20,2
413,Katine,Alten,kaltenbg@epa.gov,42781 Macpherson Alley,Nashville,TN,37235,740-65-0545,1994-10-23,2
414,Carine,Cannicott,ccannicottbh@upenn.edu,84 Carpenter Avenue,Phoenix,AZ,85099,843-17-1947,1982-07-07,2
415,Care,Teasell,cteasellbi@gov.uk,8541 Mandrake Park,Conroe,TX,77305,698-82-2476,1986-08-27,2
416,Mimi,Gawthrope,mgawthropebj@bizjournals.com,55 Truax Way,Charlotte,NC,28284,877-53-4596,1987-10-12,2
417,Jaclyn,Kingswoode,jkingswoodebk@intel.com,54582 Scofield Crossing,Birmingham,AL,35210,521-91-2313,1993-07-14,2
418,Lazare,Emons,lemonsbl@wiley.com,9312 Di Loreto Junction,Salt Lake City,UT,84140,482-64-1113,1998-02-25,2
419,Tamara,Polet,tpoletbm@wordpress.org,5608 Hansons Hill,Knoxville,TN,37939,360-71-8447,1984-03-02,2
420,Oliver,Freund,ofreundbn@topsy.com,7666 Susan Road,Knoxville,TN,37919,188-16-1858,1999-12-09,2
421,Selestina,Izen,sizenbo@google.co.uk,864 Loeprich Drive,Washington,DC,20205,130-52-8040,1984-01-05,2
422,Livvyy,Jacox,ljacoxbp@time.com,42682 Del Sol Crossing,Cambridge,MA,02142,813-68-6587,1994-09-24,2
423,Farrah,Scholcroft,fscholcroftbq@dmoz.org,783 Derek Crossing,Saint Paul,MN,55115,531-60-3003,1991-09-19,2
424,Blithe,Wornum,bwornumbr@angelfire.com,04377 Spohn Crossing,Portland,OR,97229,332-30-0107,1982-02-17,2
425,Conney,Bines,cbinesbs@umich.edu,62 Aberg Way,Sacramento,CA,94245,241-49-3420,1986-12-12,2
426,Kalvin,Rowbotham,krowbothambt@tinyurl.com,31 Waubesa Lane,Richmond,VA,23289,431-09-4265,1994-06-30,2
427,Brennan,Bunten,bbuntenbu@github.com,553 Meadow Valley Street,Wilmington,DE,19892,352-32-6482,1984-04-24,2
428,Tomi,Dayne,tdaynebv@howstuffworks.com,878 Center Hill,Saint Louis,MO,63169,155-08-3331,1991-10-05,2
429,Solly,Anthill,santhillbw@europa.eu,504 Fisk Street,Miami,FL,33233,678-65-4944,1985-09-09,2
430,Mack,Verzey,mverzeybx@mlb.com,694 Crowley Park,Pasadena,CA,91103,388-81-7906,1984-08-07,2
431,Robbi,Rubberts,rrubbertsby@123-reg.co.uk,765 Mcguire Way,Lake Charles,LA,70607,157-72-6175,1983-05-20,2
432,Glynn,Bettley,gbettleybz@ucsd.edu,63146 Nelson Junction,Visalia,CA,93291,634-53-8982,1984-04-23,2
433,Kacie,Valder,kvalderc0@is.gd,6 Express Circle,Omaha,NE,68117,286-64-2715,1980-06-29,2
434,Onida,Jozaitis,ojozaitisc1@themeforest.net,8973 Village Court,Young America,MN,55573,584-98-9711,1982-12-12,2
435,Gerhardine,Flude,gfludec2@adobe.com,3948 Anzinger Terrace,Washington,DC,20210,781-68-8052,1998-04-22,2
436,Marcy,Konzel,mkonzelc3@google.es,84571 Lotheville Center,Las Vegas,NV,89115,879-32-6447,1988-06-20,2
437,Taryn,Rumke,trumkec4@stanford.edu,20105 Summit Place,San Antonio,TX,78225,489-57-2802,1984-05-21,2
438,Sayres,Bickell,sbickellc5@noaa.gov,4 Jenna Way,Washington,DC,20244,733-94-3321,1988-01-25,2
439,Kerry,Dik,kdikc6@wiley.com,112 Westend Terrace,Montgomery,AL,36114,835-32-9225,1997-12-13,2
440,Powell,Fripps,pfrippsc7@uiuc.edu,45 Melby Circle,Anchorage,AK,99507,366-52-0302,1982-01-31,2
441,Mill,Blucher,mblucherc8@ezinearticles.com,61124 Michigan Crossing,Fresno,CA,93778,679-57-7635,1988-10-18,2
442,Andy,Matyushonok,amatyushonokc9@over-blog.com,14656 High Crossing Park,Philadelphia,PA,19160,392-50-5072,1980-07-04,2
443,Lori,Ginnaly,lginnalyca@indiatimes.com,5957 Clyde Gallagher Drive,Knoxville,TN,37995,319-23-8015,1982-09-10,2
444,Thacher,Lanchester,tlanchestercb@google.cn,64 Mariners Cove Lane,Charleston,SC,29424,259-35-4794,1988-10-11,2
445,Cordy,Solomon,csolomoncc@yellowpages.com,527 Maple Wood Parkway,San Diego,CA,92105,235-77-9522,1982-12-13,2
446,Bucky,Dummett,bdummettcd@tripadvisor.com,84 Oriole Crossing,New Hyde Park,NY,11044,459-15-2933,1993-01-06,2
447,Gordon,Gutridge,ggutridgece@xinhuanet.com,100 Corry Crossing,Wilkes Barre,PA,18706,733-18-5053,1997-11-29,2
448,Charisse,Crennell,ccrennellcf@independent.co.uk,362 Corben Court,Dallas,TX,75310,172-83-5562,1989-11-03,2
449,Marillin,Jacques,mjacquescg@spiegel.de,192 Sachs Terrace,Canton,OH,44760,661-88-5262,1982-06-03,2
450,Rochester,Davidow,rdavidowch@pinterest.com,87117 Lawn Alley,Houston,TX,77206,690-98-6715,2000-04-30,2
451,Joscelin,Stennine,jstennineci@com.com,6 Veith Court,Green Bay,WI,54305,826-29-2926,1994-07-02,2
452,Richy,Earthfield,rearthfieldcj@stanford.edu,67366 Summit Plaza,Houston,TX,77201,783-71-5659,1996-11-17,2
453,Cathi,Brute,cbruteck@sciencedaily.com,9453 Manitowish Hill,Austin,TX,78749,252-79-4296,1989-01-03,2
454,Freedman,Hazzard,fhazzardcl@alibaba.com,0225 Hoard Lane,Akron,OH,44321,543-38-9619,1982-08-21,2
455,Sophronia,Maywood,smaywoodcm@ted.com,5 Dawn Plaza,Houston,TX,77266,789-51-1845,1995-06-30,2
456,Niels,McIvor,nmcivorcn@wsj.com,4 Delladonna Avenue,Tampa,FL,33605,690-95-6290,1985-08-07,2
457,Sonny,Larmouth,slarmouthco@blogtalkradio.com,8 Manufacturers Avenue,Kansas City,MO,64136,328-70-4634,1995-08-25,2
458,Skippie,Jagoe,sjagoecp@hao123.com,3830 Green Ridge Road,Racine,WI,53405,850-76-1129,1984-12-06,2
459,Hurley,Van de Castele,hvandecastelecq@topsy.com,0373 Mariners Cove Way,San Angelo,TX,76905,127-82-6172,1991-11-24,2
460,Erina,Acres,eacrescr@soundcloud.com,5 Gale Way,Kent,WA,98042,712-64-7640,1998-03-22,2
461,Abe,Trowbridge,atrowbridgecs@ucla.edu,6 Daystar Way,Dallas,TX,75260,663-45-6220,1999-06-07,2
462,Justin,Wallworth,jwallworthct@google.com.au,03692 Bartelt Point,Melbourne,FL,32941,795-60-7419,1996-04-16,2
463,Shayla,Pickton,spicktoncu@devhub.com,949 Del Mar Parkway,Kansas City,MO,64142,694-92-4290,1995-07-13,2
464,Eberhard,Eddowes,eeddowescv@dropbox.com,1406 Vahlen Street,Hot Springs National Park,AR,71914,516-07-1527,1982-01-29,2
465,Quint,Lucock,qlucockcw@lulu.com,15 Mallard Way,Colorado Springs,CO,80910,229-40-8488,1985-12-02,2
466,Tabbatha,Gillebert,tgillebertcx@google.co.uk,4619 Nancy Court,Kingsport,TN,37665,209-66-7361,1984-08-29,2
467,Maitilde,Walls,mwallscy@cam.ac.uk,82 Texas Street,New York City,NY,10004,182-36-3899,1999-03-31,2
468,Suzie,Mc Grath,smcgrathcz@phoca.cz,868 Lake View Street,Houston,TX,77218,660-57-8843,2000-02-11,2
469,Dall,Ourry,dourryd0@pbs.org,630 Independence Trail,Brooksville,FL,34605,856-85-2139,1987-03-10,2
470,Naomi,Connah,nconnahd1@google.pl,2 Sommers Way,Miami Beach,FL,33141,656-13-2380,1987-11-17,2
471,Mimi,Covil,mcovild2@dagondesign.com,1 Delaware Hill,Irvine,CA,92619,599-04-6441,1987-10-23,2
472,Linette,Penrose,lpenrosed3@hugedomains.com,6 Pennsylvania Plaza,Shawnee Mission,KS,66205,645-28-1029,1981-02-02,2
473,Selestina,McNickle,smcnickled4@hibu.com,910 Merchant Drive,Garden Grove,CA,92844,878-62-9267,1997-06-24,2
474,Giuseppe,Hintzer,ghintzerd5@tinyurl.com,15 Wayridge Trail,Modesto,CA,95397,398-66-1358,1999-09-07,2
475,Erick,Ciccetti,eciccettid6@livejournal.com,61 Summerview Drive,Atlanta,GA,30340,744-70-5617,1984-08-05,2
476,La verne,Franckton,lfrancktond7@google.co.uk,387 Butterfield Place,Houston,TX,77015,237-56-7941,1996-10-01,2
477,Rosie,Rampage,rrampaged8@dion.ne.jp,4566 Hansons Court,York,PA,17405,218-17-0660,1993-03-14,2
478,Lizzie,Monahan,lmonahand9@xinhuanet.com,781 Upham Pass,Los Angeles,CA,90189,473-35-9060,1994-05-19,2
479,Baxie,Bertot,bbertotda@cdbaby.com,0589 Grover Street,Bethesda,MD,20816,491-20-9217,1982-08-09,2
480,Loise,Althrop,lalthropdb@elpais.com,030 Hanson Trail,El Paso,TX,88546,578-23-2346,1993-12-02,2
481,Sheree,Lethbury,slethburydc@hexun.com,9772 Hintze Alley,Springfield,IL,62794,472-69-8084,1982-07-22,2
482,Ricky,Bowdon,rbowdondd@google.com.br,0407 Helena Circle,Dayton,OH,45408,705-33-6795,1997-07-24,2
483,Wesley,Castagna,wcastagnade@vistaprint.com,0 Huxley Crossing,Mobile,AL,36689,157-63-1080,1992-03-25,2
484,Lorene,Wheildon,lwheildondf@virginia.edu,455 Barnett Court,Wilmington,DE,19886,402-30-5338,1995-10-09,2
485,Lindsay,Dallow,ldallowdg@aboutads.info,571 Debra Lane,Salt Lake City,UT,84110,170-23-3207,1983-08-05,2
486,Cookie,Klimowski,cklimowskidh@cbsnews.com,99 Loeprich Parkway,Omaha,NE,68105,627-08-0056,1985-10-24,2
487,Gertrudis,Litzmann,glitzmanndi@gnu.org,96792 Stone Corner Trail,Cincinnati,OH,45271,898-89-8064,1984-08-27,2
488,Madeleine,Laimable,mlaimabledj@spiegel.de,6833 Larry Drive,Houston,TX,77050,558-85-2983,1982-01-14,2
489,Janaya,Mutter,jmutterdk@smh.com.au,3 Anthes Parkway,Tuscaloosa,AL,35405,276-87-3297,1997-05-15,2
490,Evelin,Guilloud,eguillouddl@cbc.ca,14466 Raven Point,Tallahassee,FL,32399,115-16-0127,1994-02-21,2
491,Tonie,Rossander,trossanderdm@dion.ne.jp,9 Mendota Junction,New Orleans,LA,70124,812-84-4003,1998-12-07,2
492,Susy,McKinn,smckinndn@discuz.net,91278 Columbus Crossing,Kansas City,MO,64142,694-05-3653,1987-05-24,2
493,Hilde,Orvis,horvisdo@aol.com,7 Farmco Parkway,Columbia,SC,29225,178-04-4817,1992-06-13,2
494,Gabie,Jakobsson,gjakobssondp@intel.com,6127 American Drive,Peoria,IL,61614,859-60-6630,1991-10-05,2
495,Tara,Mazzilli,tmazzillidq@psu.edu,22722 Sunfield Pass,Fresno,CA,93740,652-59-3277,1988-06-29,2
496,Velma,Olijve,volijvedr@cornell.edu,92893 Carpenter Trail,New York City,NY,10203,690-35-0544,1991-02-03,2
497,Moore,Prescote,mprescoteds@senate.gov,3228 Fremont Park,North Las Vegas,NV,89087,269-23-9113,1998-02-01,2
498,Rozanna,Borg-Bartolo,rborgbartolodt@mediafire.com,47 Crownhardt Avenue,Toledo,OH,43699,765-64-2943,1996-09-15,2
499,Gilles,Utton,guttondu@photobucket.com,85 Monument Trail,Shawnee Mission,KS,66276,220-45-8295,1983-01-24,2
500,Gaspar,Long,glongdv@imgur.com,8 Reindahl Crossing,Albuquerque,NM,87115,580-02-0599,1998-02-24,2
501,Brigida,Ferson,bfersondw@shareasale.com,9 Coolidge Lane,San Francisco,CA,94110,231-53-0668,1991-02-09,2
502,Hester,Mardy,hmardydx@stanford.edu,40119 Manufacturers Pass,Orlando,FL,32825,326-38-1325,1996-07-07,2
503,Hillard,Champkins,hchampkinsdy@furl.net,6 Annamark Drive,Young America,MN,55557,222-76-1188,1996-01-21,2
504,Nikolaus,Harold,nharolddz@cbc.ca,49679 Loomis Point,Washington,DC,20414,282-17-2325,1989-06-15,2
505,Constancia,Espino,cespinoe0@hubpages.com,8429 Hollow Ridge Junction,Houston,TX,77276,255-44-8710,1986-12-05,2
506,Thatch,Lattos,tlattose1@trellian.com,99 Norway Maple Plaza,Washington,DC,20540,660-38-7282,1981-01-05,2
507,Wilton,Aimable,waimablee2@technorati.com,96881 Evergreen Parkway,Nashville,TN,37220,762-34-2231,1997-12-20,2
508,Cesaro,Ben,cbene3@china.com.cn,8 Roth Terrace,Gainesville,GA,30506,800-47-2074,1987-02-28,2
509,Kev,Picheford,kpicheforde4@sakura.ne.jp,2 Lukken Avenue,Oakland,CA,94660,192-02-2617,1982-08-14,2
510,Glen,Werrett,gwerrette5@icio.us,638 Trailsway Circle,San Francisco,CA,94110,238-29-5912,1984-10-03,2
511,Debra,Sewley,dsewleye6@vk.com,479 Rusk Terrace,El Paso,TX,79940,109-10-6383,1984-03-02,2
512,Fifine,Sindell,fsindelle7@yolasite.com,410 Esch Parkway,Fort Lauderdale,FL,33325,232-06-0804,1997-07-29,2
513,Maximo,Corcoran,mcorcorane8@sun.com,70229 Blaine Plaza,Tacoma,WA,98464,641-16-5890,1999-05-10,2
514,Corbett,Crumbie,ccrumbiee9@shinystat.com,343 Fairfield Court,New Orleans,LA,70124,619-50-3046,1984-05-16,2
515,Mel,Rodder,mrodderea@t.co,77 Birchwood Drive,Florence,SC,29505,520-58-7366,1982-10-11,2
516,Iggie,Mackett,imacketteb@naver.com,7 Utah Park,Boca Raton,FL,33432,224-44-5023,1995-10-06,2
517,Gregorio,Woodley,gwoodleyec@businessweek.com,05982 Sage Crossing,Knoxville,TN,37931,691-92-9886,1996-09-21,2
518,Alexa,Brash,abrashed@dailymail.co.uk,80648 Reindahl Lane,Albany,NY,12222,631-82-3801,1993-02-23,2
519,Osmond,Sweetman,osweetmanee@fc2.com,78881 Esker Hill,Tulsa,OK,74184,131-37-0138,1981-05-22,2
520,Otto,Castagne,ocastagneef@apache.org,80260 Pleasure Street,Denton,TX,76205,178-75-5653,1997-08-01,2
521,Ophelie,Snelman,osnelmaneg@cyberchimps.com,1570 Bartelt Point,Pompano Beach,FL,33064,147-53-0776,1996-04-22,2
522,Rhett,Boggas,rboggaseh@wikia.com,88648 Brentwood Lane,New York City,NY,10090,111-78-6613,1991-09-10,2
523,Cristine,Cornfoot,ccornfootei@unblog.fr,17 Sunbrook Center,Tallahassee,FL,32304,779-84-4798,1987-10-31,2
524,Ammamaria,Hardwich,ahardwichej@lycos.com,64 Scoville Court,Boise,ID,83727,581-66-4289,1989-03-08,2
525,Twila,Rodnight,trodnightek@meetup.com,794 Warrior Hill,Arlington,VA,22234,260-55-2913,1997-07-18,2
526,Hogan,Rowlstone,hrowlstoneel@vimeo.com,0 Cottonwood Center,Detroit,MI,48258,602-22-0820,1981-11-23,2
527,Karry,Moggle,kmoggleem@google.ca,35623 Chive Terrace,Topeka,KS,66622,705-86-9350,1997-08-16,2
528,Leisha,Finnigan,lfinniganen@hhs.gov,37 Anderson Circle,Sacramento,CA,94273,782-95-5504,1981-03-30,2
529,Annabella,Hedingham,ahedinghameo@newsvine.com,94012 Linden Pass,Wilmington,DE,19805,598-36-7005,1997-12-29,2
530,Filberte,Portt,fporttep@nymag.com,0966 Eliot Terrace,Washington,DC,20210,445-55-7902,1995-10-21,2
531,Paulie,Wharram,pwharrameq@google.co.uk,6 Summerview Drive,Madison,WI,53790,104-50-7284,1999-04-16,2
532,Dougy,Habbon,dhabboner@smh.com.au,799 Hooker Way,San Jose,CA,95133,475-97-8369,2000-02-21,2
533,Vidovik,Rex,vrexes@washingtonpost.com,9635 2nd Circle,Clearwater,FL,34629,871-49-3446,1993-06-06,2
534,Violante,Gabbetis,vgabbetiset@mtv.com,3624 Menomonie Trail,Washington,DC,20580,815-71-4669,2000-01-31,2
535,Somerset,Checcuzzi,scheccuzzieu@geocities.com,44084 Red Cloud Way,San Francisco,CA,94126,618-67-1771,1998-07-28,2
536,Yanaton,Harbage,yharbageev@devhub.com,405 Spohn Place,Tuscaloosa,AL,35487,749-11-4702,1985-03-26,2
537,Kitti,Grover,kgroverew@de.vu,3 Corry Junction,Winston Salem,NC,27150,746-06-4890,1984-07-29,2
538,Ogdon,Toping,otopingex@free.fr,2272 Westport Court,Milwaukee,WI,53220,543-93-6005,1997-08-20,2
539,Phaidra,Krzyzowski,pkrzyzowskiey@sphinn.com,8227 Bunker Hill Trail,Charleston,WV,25389,295-55-9297,1994-01-10,2
540,Nobie,Freyn,nfreynez@arizona.edu,11972 Mcguire Pass,Flushing,NY,11388,202-22-7645,1995-03-02,2
541,Cullen,Dexter,cdexterf0@netscape.com,76421 School Place,Huntsville,AL,35805,279-85-9814,2000-01-18,2
542,Jennie,Bish,jbishf1@acquirethisname.com,7007 Red Cloud Place,Miami,FL,33185,453-68-7086,1990-01-18,2
543,Carolynn,Gilkison,cgilkisonf2@indiegogo.com,774 Graedel Drive,Des Moines,IA,50362,336-49-6459,1984-04-12,2
544,Bayard,Labrow,blabrowf3@home.pl,70851 Dexter Parkway,Nashville,TN,37210,345-09-6267,1995-02-09,2
545,Eldredge,Dagon,edagonf4@theglobeandmail.com,7 Declaration Street,West Palm Beach,FL,33416,130-74-5061,1984-12-27,2
546,Minny,Dowrey,mdowreyf5@dot.gov,780 Arkansas Drive,Wilkes Barre,PA,18706,620-70-7876,1996-12-05,2
547,Ettie,Engley,eengleyf6@vk.com,5 Lunder Center,Richmond,VA,23285,608-35-4138,1993-02-07,2
548,Felicio,Burnyeat,fburnyeatf7@dailymotion.com,291 Brown Road,Lubbock,TX,79491,878-33-4964,1990-01-28,2
549,Natala,Alvarado,nalvaradof8@virginia.edu,404 Buhler Center,Tucson,AZ,85743,604-83-8200,1990-04-08,2
550,Faber,Ivannikov,fivannikovf9@cbslocal.com,45 Helena Center,Roanoke,VA,24024,628-46-3073,1996-03-13,2
551,Peyter,Skune,pskunefa@creativecommons.org,0 Sullivan Junction,Odessa,TX,79764,111-36-7820,1985-12-25,2
552,Tisha,Styant,tstyantfb@omniture.com,28 Comanche Street,Philadelphia,PA,19191,479-85-9007,1981-04-20,2
553,Thaddus,Mabbitt,tmabbittfc@bing.com,85779 Jana Alley,Littleton,CO,80126,249-59-8628,1997-02-27,2
554,Lev,Alam,lalamfd@va.gov,3310 Menomonie Drive,Lincoln,NE,68524,105-55-3131,1986-09-07,2
555,Clovis,Halfacre,chalfacrefe@yale.edu,48 Southridge Pass,San Francisco,CA,94132,251-68-3176,1991-12-12,2
556,Torrence,Kubat,tkubatff@sun.com,7125 Sutherland Crossing,Knoxville,TN,37919,356-04-9930,1999-05-04,2
557,Michal,Campana,mcampanafg@bravesites.com,19822 Summerview Lane,Plano,TX,75074,119-07-6677,1981-10-09,2
558,Wilbur,Saintpierre,wsaintpierrefh@devhub.com,553 Crownhardt Plaza,Columbus,GA,31904,399-87-2626,1990-09-12,2
559,Rebekah,Allgood,rallgoodfi@blog.com,6146 Hagan Street,Aiken,SC,29805,140-19-4297,1992-11-22,2
560,Lila,Autin,lautinfj@sfgate.com,953 Brentwood Terrace,Youngstown,OH,44555,889-89-2978,1992-12-28,2
561,Shantee,Teasdale-Markie,steasdalemarkiefk@surveymonkey.com,153 Pepper Wood Way,Provo,UT,84605,830-88-3176,1990-07-18,2
562,Donnajean,Mathwen,dmathwenfl@noaa.gov,00931 Muir Circle,Salt Lake City,UT,84110,726-55-0379,2000-03-02,2
563,Alistair,Gandy,agandyfm@istockphoto.com,6 Delladonna Road,Delray Beach,FL,33448,790-87-6218,1980-11-21,2
564,Teddie,Ostler,tostlerfn@prweb.com,23330 Alpine Terrace,Denton,TX,76210,394-92-2577,1986-05-13,2
565,Roxie,Woolvett,rwoolvettfo@indiegogo.com,259 Bluejay Pass,Albuquerque,NM,87121,205-82-0745,1982-05-02,2
566,Jacobo,Borwick,jborwickfp@vistaprint.com,081 Bluestem Hill,Syracuse,NY,13251,114-85-0680,1998-09-06,2
567,Dina,Simioni,dsimionifq@ftc.gov,84 Schlimgen Trail,Hialeah,FL,33018,464-46-1888,1991-10-24,2
568,Nestor,Wilshere,nwilsherefr@plala.or.jp,1398 American Way,Charlotte,NC,28299,265-93-6489,1998-08-29,2
569,Albertina,Stevani,astevanifs@ed.gov,24168 Dawn Drive,Santa Monica,CA,90410,471-53-9720,1994-08-27,2
570,Marybelle,Heggie,mheggieft@deliciousdays.com,19308 Marquette Circle,Lafayette,LA,70505,695-86-6148,1997-03-26,2
571,Edeline,Bohlens,ebohlensfu@columbia.edu,96 Blaine Lane,Woburn,MA,01813,153-40-3831,1989-10-17,2
572,Darrick,Rosling,droslingfv@tuttocitta.it,2 5th Plaza,Rochester,NY,14683,724-88-3216,1995-10-17,2
573,Horten,Langsbury,hlangsburyfw@state.tx.us,08063 Ohio Parkway,Durham,NC,27717,749-22-0911,1991-12-31,2
574,Aron,Brandassi,abrandassifx@europa.eu,783 Westport Alley,Charlotte,NC,28220,107-73-7698,1982-08-20,2
575,Carolee,Spedding,cspeddingfy@live.com,5181 Vahlen Road,Pittsburgh,PA,15255,212-26-1019,1980-07-04,2
576,Dody,Gwinn,dgwinnfz@ycombinator.com,06 Crowley Lane,West Palm Beach,FL,33416,217-62-4653,2000-04-04,2
577,Lyn,Spencley,lspencleyg0@technorati.com,80 Talisman Junction,Trenton,NJ,08695,433-83-2677,1992-03-27,2
578,Sena,Nuth,snuthg1@rediff.com,32394 Garrison Park,Dallas,TX,75358,856-17-4271,1988-12-28,2
579,Beryl,Simms,bsimmsg2@cbc.ca,272 School Alley,Wilmington,DE,19897,770-04-9665,1995-08-06,2
580,Marysa,Arundale,marundaleg3@joomla.org,60 Donald Road,Madison,WI,53790,780-75-6455,1996-07-05,2
581,Hermon,Laidlow,hlaidlowg4@imageshack.us,9531 Superior Park,Charleston,WV,25305,201-83-2623,1996-06-07,2
582,Dana,Healey,dhealeyg5@slate.com,53 Shopko Parkway,Tampa,FL,33605,885-02-4403,1992-03-12,2
583,Olin,Claridge,oclaridgeg6@domainmarket.com,3076 Hintze Center,Phoenix,AZ,85067,609-27-0032,1990-11-10,2
584,Rollie,Maggiori,rmaggiorig7@qq.com,44092 Trailsway Circle,Albuquerque,NM,87201,555-54-3779,1995-07-07,2
585,Almeria,Jankovic,ajankovicg8@blinklist.com,7771 Shopko Pass,Sarasota,FL,34233,211-25-4959,1994-12-22,2
586,Heida,Whitworth,hwhitworthg9@example.com,1173 Basil Avenue,Anchorage,AK,99512,447-15-9747,2000-03-10,2
587,Alastair,Blinder,ablinderga@home.pl,7900 Esch Drive,San Francisco,CA,94147,233-78-8537,1983-12-10,2
588,Heall,Killerby,hkillerbygb@prweb.com,198 Mariners Cove Circle,Nashville,TN,37235,554-91-4436,1996-10-16,2
589,Feliza,Braney,fbraneygc@chicagotribune.com,72 Hagan Drive,Young America,MN,55551,850-53-2009,1985-10-13,2
590,Tan,Feyer,tfeyergd@sciencedirect.com,790 Commercial Point,Orlando,FL,32813,573-94-7848,1999-05-11,2
591,Matias,Ginglell,mginglellge@oracle.com,161 Holy Cross Junction,Pocatello,ID,83206,823-26-5557,1982-01-23,2
592,Felisha,Kale,fkalegf@va.gov,18 Basil Drive,Kansas City,MO,64101,339-56-4577,1994-12-03,2
593,Katey,Neubigin,kneubigingg@qq.com,4 Bartillon Lane,Pompano Beach,FL,33069,129-19-3576,1998-01-10,2
594,Zonda,Marder,zmardergh@blogspot.com,764 Kim Way,Huntsville,TX,77343,448-17-6887,1986-01-05,2
595,Frannie,Mattersley,fmattersleygi@elegantthemes.com,022 Granby Court,Annapolis,MD,21405,386-81-2378,1994-07-20,2
596,Kai,Ciccottini,kciccottinigj@businesswire.com,460 Fuller Pass,Ridgely,MD,21684,190-54-7735,1992-07-19,2
597,Goldarina,Hartin,ghartingk@examiner.com,79978 Havey Alley,Decatur,IL,62525,774-17-0340,1982-06-25,2
598,Timmy,McGaugan,tmcgaugangl@spotify.com,7358 Pepper Wood Road,Saint Petersburg,FL,33715,104-22-3755,1985-04-23,2
599,Christal,Leborgne,cleborgnegm@skyrock.com,7721 Susan Court,Brockton,MA,02405,196-14-2026,1989-01-30,2
600,Ardene,Siddeley,asiddeleygn@rambler.ru,6 Heffernan Court,Wilmington,NC,28410,584-35-3549,1984-12-08,2
601,Pincus,Lepard,plepardgo@nbcnews.com,831 Corscot Parkway,Long Beach,CA,90831,217-40-9261,1984-01-08,2
602,Brandy,Alster,balstergp@delicious.com,941 Bunting Hill,Fort Lauderdale,FL,33330,363-87-3579,1996-06-03,2
603,Catie,Artist,cartistgq@yahoo.com,86500 Crest Line Lane,Fort Worth,TX,76198,589-49-0122,1984-08-18,2
604,Mollee,Migheli,mmigheligr@statcounter.com,1604 3rd Plaza,Hartford,CT,06183,839-89-8242,1991-09-29,2
605,Ailina,Rosenfrucht,arosenfruchtgs@cam.ac.uk,80 Anderson Terrace,Beaumont,TX,77713,716-98-0266,1984-03-29,2
606,Alene,Oldroyde,aoldroydegt@arstechnica.com,731 Stoughton Lane,San Francisco,CA,94169,543-43-1986,1986-01-25,2
607,Prisca,Haw,phawgu@intel.com,98420 Anderson Road,Peoria,AZ,85383,696-55-4435,1989-02-17,2
608,Janeva,Fasler,jfaslergv@cnn.com,3886 Stuart Plaza,Tulsa,OK,74170,535-03-5076,1991-05-18,2
609,Osgood,Rowles,orowlesgw@scientificamerican.com,42301 Bultman Pass,Los Angeles,CA,90005,101-51-6974,1987-08-19,2
610,Clarisse,Gooderham,cgooderhamgx@goo.gl,55796 Golf Avenue,Boca Raton,FL,33432,825-67-9130,1996-02-02,2
611,Roxanne,Thomerson,rthomersongy@constantcontact.com,7978 Monica Junction,Saint Louis,MO,63167,497-66-3496,1999-07-11,2
612,Atlante,Palliser,apallisergz@cnbc.com,77612 Cherokee Center,Minneapolis,MN,55487,169-99-6569,1986-09-08,2
613,Lonny,Thorsby,lthorsbyh0@deviantart.com,74567 Barby Point,Portland,OR,97229,401-94-4668,1998-06-25,2
614,Felicity,Eyam,feyamh1@mayoclinic.com,732 Mallory Place,Richmond,VA,23260,245-42-9858,1981-02-13,2
615,Abelard,Mollen,amollenh2@independent.co.uk,6 Washington Junction,Miami,FL,33134,807-28-8501,1997-01-26,2
616,Nanni,Sainte Paul,nsaintepaulh3@bing.com,6 Dawn Avenue,Tampa,FL,33610,533-33-0385,1994-12-11,2
617,Mair,Skegg,mskeggh4@gizmodo.com,3 Ryan Street,Tampa,FL,33620,143-38-3071,1993-10-24,2
618,Craig,Hugenin,chugeninh5@google.it,7 Chinook Parkway,Escondido,CA,92030,306-71-0916,1983-08-31,2
619,Vevay,Bartens,vbartensh6@europa.eu,806 Haas Circle,Detroit,MI,48295,502-30-3024,1993-04-06,2
620,Edgard,Burleigh,eburleighh7@dmoz.org,930 Packers Plaza,San Antonio,TX,78215,243-13-4656,2000-05-02,2
621,Haskell,Skill,hskillh8@comcast.net,0913 Melody Point,Portland,OR,97296,738-35-8705,1987-02-04,2
622,Kingsly,Filippello,kfilippelloh9@woothemes.com,31071 Johnson Pass,Lubbock,TX,79491,654-10-4628,1986-01-07,2
623,Peria,Sandall,psandallha@nydailynews.com,7 Sherman Terrace,Miami,FL,33134,244-37-0285,1984-01-28,2
624,Thorny,Jeacock,tjeacockhb@constantcontact.com,738 Spohn Crossing,Aurora,CO,80045,738-45-3472,1995-03-04,2
625,Madison,Bexley,mbexleyhc@flavors.me,45 Milwaukee Point,New York City,NY,10009,829-37-6111,1988-02-10,2
626,Gunther,Hambric,ghambrichd@unblog.fr,5 Jackson Pass,Shreveport,LA,71161,634-48-9133,1987-11-24,2
627,Vince,Garry,vgarryhe@rambler.ru,839 Warrior Court,Lubbock,TX,79415,557-94-8147,1989-07-26,2
628,Thorpe,Allmark,tallmarkhf@cam.ac.uk,8 Lakewood Gardens Hill,Fargo,ND,58122,353-30-5976,1995-05-21,2
629,Hildagarde,Almak,halmakhg@virginia.edu,3888 Clarendon Terrace,Richmond,VA,23277,245-33-2785,1989-05-14,2
630,Lindsay,Maydway,lmaydwayhh@opera.com,716 Cascade Parkway,Glendale,AZ,85311,327-91-7353,1999-02-16,2
631,Thatcher,Prenty,tprentyhi@mlb.com,113 Ridgeway Center,Minneapolis,MN,55428,204-14-2191,1986-03-09,2
632,Augustine,Slide,aslidehj@fotki.com,2333 Hoffman Road,Washington,DC,20016,254-51-2677,1987-06-01,2
633,Nariko,Geillier,ngeillierhk@elegantthemes.com,76 Dixon Alley,Mobile,AL,36641,507-75-6329,1984-08-16,2
634,Cyrus,Olifard,colifardhl@altervista.org,50 Farmco Plaza,Phoenix,AZ,85005,143-47-3510,1986-08-11,2
635,Jeddy,Warnes,jwarneshm@abc.net.au,8 Lukken Circle,Washington,DC,20599,826-29-4649,1982-04-08,2
636,Juli,Laydon,jlaydonhn@walmart.com,0734 Stang Alley,Decatur,GA,30089,781-46-6008,1980-07-09,2
637,Kingsley,Hallyburton,khallyburtonho@a8.net,90817 Sloan Place,Stamford,CT,06922,220-01-3609,1986-12-28,2
638,Wren,Ruoff,wruoffhp@mediafire.com,3605 Sycamore Drive,Abilene,TX,79699,808-96-9905,1989-11-14,2
639,Lemuel,Karpushkin,lkarpushkinhq@blogspot.com,673 Brickson Park Alley,Hartford,CT,06183,742-36-4589,2000-02-20,2
640,Melonie,Arnao,marnaohr@typepad.com,444 Pankratz Parkway,Memphis,TN,38197,348-02-4579,1984-04-10,2
641,Germain,Jewers,gjewershs@macromedia.com,03675 Morning Road,Erie,PA,16522,155-25-1629,1984-07-09,2
642,Margy,Rowlinson,mrowlinsonht@indiegogo.com,0 Anhalt Circle,Sarasota,FL,34238,431-95-7643,1992-06-11,2
643,Terrance,Dominicacci,tdominicaccihu@mlb.com,1 Starling Alley,Springfield,IL,62776,771-80-8874,2000-06-11,2
644,Tabby,Chenery,tcheneryhv@theguardian.com,32465 Fordem Avenue,Philadelphia,PA,19125,321-56-6424,1991-06-01,2
645,Waite,Tuff,wtuffhw@ask.com,926 Oak Terrace,Berkeley,CA,94712,342-85-2273,1982-04-06,2
646,Manuel,Sanbroke,msanbrokehx@psu.edu,441 Autumn Leaf Point,Stockton,CA,95298,671-95-3225,1989-07-09,2
647,Adelind,Logan,aloganhy@nymag.com,17861 Arizona Center,Port Charlotte,FL,33954,292-47-6936,1993-08-15,2
648,Kizzie,Wanek,kwanekhz@mtv.com,6 Hermina Circle,Seattle,WA,98140,733-10-0005,1987-11-24,2
649,Carlynn,Calfe,ccalfei0@csmonitor.com,898 Oxford Court,Washington,DC,20580,278-15-3642,1994-06-06,2
650,Neils,Swinnard,nswinnardi1@scribd.com,11 Bunting Place,Arlington,VA,22244,210-34-5689,1983-12-27,2
651,Dukie,Patchett,dpatchetti2@dmoz.org,433 Graceland Street,Macon,GA,31210,249-98-7665,1990-03-02,2
652,Hamel,Duck,hducki3@prweb.com,955 Moose Parkway,Jackson,MS,39236,444-43-4656,1998-11-30,2
653,Adler,Helliwell,ahelliwelli4@mail.ru,16 Hayes Place,El Paso,TX,79994,372-12-1895,1990-05-10,2
654,Duffy,Rosi,drosii5@cdbaby.com,45 Blue Bill Park Pass,New Orleans,LA,70124,713-75-0543,1999-08-22,2
655,Stephannie,Ravenhills,sravenhillsi6@reddit.com,9 Nancy Road,Cincinnati,OH,45233,698-21-1967,1983-03-09,2
656,Charil,Jeske,cjeskei7@aboutads.info,164 Thompson Avenue,Dallas,TX,75358,815-72-6910,1982-05-12,2
657,Sullivan,Shatford,sshatfordi8@google.ru,598 Brickson Park Trail,Fort Smith,AR,72905,307-24-9351,1995-11-02,2
658,Georas,Matschuk,gmatschuki9@kickstarter.com,39677 Macpherson Crossing,Springfield,MA,01152,301-22-5929,1981-08-05,2
659,Crawford,Deluca,cdelucaia@ezinearticles.com,4443 Ridgeway Alley,San Antonio,TX,78225,620-94-1782,1994-01-06,2
660,Waneta,Kemmis,wkemmisib@guardian.co.uk,02020 Meadow Vale Pass,Columbus,GA,31998,368-74-7384,1984-03-04,2
661,Jase,Lehrle,jlehrleic@opera.com,704 Debs Hill,Monticello,MN,55590,473-30-4637,1981-11-19,2
662,Hope,Switland,hswitlandid@cisco.com,5 Carey Avenue,Wichita,KS,67236,529-80-4227,1990-04-29,2
663,Gusta,Firmager,gfirmagerie@scientificamerican.com,7 Sheridan Street,Jamaica,NY,11470,533-72-0312,1998-06-07,2
664,Pauli,Beidebeke,pbeidebekeif@exblog.jp,5 Ramsey Hill,Plano,TX,75074,706-59-2066,2000-05-30,2
665,Chelsie,Lung,clungig@dailymail.co.uk,8 Clarendon Drive,Scottsdale,AZ,85255,287-72-3093,1992-06-17,2
666,Blondy,Canfer,bcanferih@abc.net.au,5077 Beilfuss Terrace,Toledo,OH,43656,551-40-9080,2000-01-18,2
667,Jolie,Yakubov,jyakubovii@nasa.gov,46 Warner Alley,Washington,DC,20016,751-54-9024,1996-06-17,2
