id,first_name,last_name,email,gender,Country
1,Zacharias,Thunnercliff,zthunnercliff0@w3.org,M,Canada
2,Meredeth,Andrew,mashforth1@virginia.edu,M,Canada
3,Lester,Mynard,Mynard@gmail.com,M,Canada
4,Peyton,Artrick,partrick3@soup.io,M,Canada
5,Willi,Warnes,wwarnes4@businessinsider.com,M,Canada
6,Merwyn,Wheaton,mwheaton5@nps.gov,M,Canada
7,Kellie,Adamsen,kadamsen6@reference.com,F,Canada
8,Ahmad,Hunston,ahunston7@hubpages.com,M,Canada
9,Bianka,Kordova,bkordova8@telegraph.co.uk,F,Canada
10,Cullin,Crossland,,M,Canada
11,Odella,Klemenz,oklemenza@altervista.org,F,Canada
12,Petronia,Poznanski,ppoznanskib@google.es,F,Canada
13,Lyell,Schoroder,lschoroderc@buzzfeed.com,M,Canada
14,Saidee,McAloren,smcalorend@wordpress.org,F,Canada
15,Thibaud,Harrild,tharrilde@statcounter.com,M,Canada
16,Joann,Ciciotti,jciciottif@gnu.org,F,Canada
17,Tania,Rowsel,trowselg@spiegel.de,F,Canada
18,Elsa,Renbold,erenboldh@disqus.com,F,Canada
19,Paulita,Illsley,pillsleyi@xing.com,F,Canada
20,Mei,Greason,,F,Canada
21,Roberto,Tume,rtumek@indiatimes.com,M,Canada
22,Ealasaid,De Cruze,edecruzel@instagram.com,F,Canada
23,Sissy,Gilbank,sgilbankm@stanford.edu,F,Canada
24,Daffy,Figgures,dfigguresn@disqus.com,F,Canada
25,Maddie,Camber,mcambero@hud.gov,F,Canada
26,Quillan,McWhorter,qmcwhorterp@goo.ne.jp,M,Canada
27,Ricoriki,Stabbins,rstabbinsq@examiner.com,M,Canada
28,Clea,Shuxsmith,cshuxsmithr@about.com,F,Canada
29,Oswell,Asipenko,oasipenkos@skyrock.com,M,Canada
30,Jorie,Muehler,jmuehlert@buzzfeed.com,F,Canada
31,Jacquelyn,Vedekhov,jvedekhovu@e-recht24.de,F,Canada
32,Gavra,Harrington,gharringtonv@paypal.com,F,Canada
33,Calley,Gregoriou,cgregoriouw@howstuffworks.com,F,Canada
34,Doll,Jayne,djaynex@cisco.com,F,Canada
35,Danika,Keysel,dkeysely@google.es,F,Canada
36,Audie,Haslam,ahaslamz@blogger.com,F,Canada
37,Caty,O'Corr,cocorr10@howstuffworks.com,F,Canada
38,Findlay,Pesticcio,fpesticcio11@icio.us,M,Canada
39,Fayina,Coger,fcoger12@google.fr,F,Canada
40,Mariejeanne,Ernshaw,mernshaw13@mlb.com,F,Canada
41,Warde,Gleasane,wgleasane14@dot.gov,M,Canada
42,Bobbie,Elphinstone,belphinstone15@photobucket.com,F,Canada
43,Whit,Aveling,waveling16@uol.com.br,M,Canada
44,Sibyl,Leathwood,sleathwood17@slashdot.org,F,Canada
45,Brita,Bulger,bbulger18@blogspot.com,F,Canada
46,Yettie,Guillerman,yguillerman19@uiuc.edu,F,Canada
47,Bary,McEntagart,bmcentagart1a@telegraph.co.uk,M,Canada
48,Rad,Egar,regar1b@wunderground.com,M,Canada
49,Archaimbaud,Lydford,alydford1c@wiley.com,M,Canada
50,Giffie,McMichell,gmcmichell1d@seesaa.net,M,Canada
51,Wildon,Weyland,wweyland1e@webnode.com,M,Canada
52,Rafaello,Eilert,reilert1f@wunderground.com,M,Canada
53,Bethany,Pavlovsky,bpavlovsky1g@desdev.cn,F,Canada
54,Sammy,MacKibbon,smackibbon1h@bigcartel.com,F,Canada
55,Sidonia,MacIlraith,smacilraith1i@bbb.org,F,Canada
56,Blair,Sagg,bsagg1j@bing.com,F,Canada
57,Dominick,Pepys,dpepys1k@smugmug.com,M,Canada
58,Lorens,Gibbeson,lgibbeson1l@walmart.com,M,Canada
59,Harbert,Bloxsome,hbloxsome1m@live.com,M,Canada
60,Rip,Tremelling,rtremelling1n@google.com.hk,M,Canada
61,Kaela,Jesse,kjesse1o@de.vu,F,Canada
62,Elsa,Pescud,epescud1p@studiopress.com,F,Canada
63,Ashli,MacBrearty,amacbrearty1q@nymag.com,F,Canada
64,Kyle,Mullally,kmullally1r@scribd.com,M,Canada
65,Keary,Michelin,kmichelin1s@devhub.com,M,Canada
66,Paulita,Blaskett,pblaskett1t@umn.edu,F,Canada
67,Leoline,Pasquale,lpasquale1u@51.la,F,Canada
68,Orelia,Oliphard,ooliphard1v@livejournal.com,F,Canada
69,Petunia,Ashton,pashton1w@usa.gov,F,Canada
70,Demetrius,Francillo,dfrancillo1x@uiuc.edu,M,Canada
71,Chryste,Snasdell,csnasdell1y@360.cn,F,Canada
72,Barrett,Carlesso,bcarlesso1z@arstechnica.com,M,Canada
73,Angelina,Liverseege,aliverseege20@samsung.com,F,Canada
74,Sigismond,Hissett,shissett21@meetup.com,M,Canada
75,Grover,Sturdgess,gsturdgess22@shop-pro.jp,M,Canada
76,Calli,Ramsey,cramsey23@furl.net,F,Canada
77,Aurel,Connue,aconnue24@newsvine.com,F,Canada
78,Franchot,MacCaughey,fmaccaughey25@wsj.com,M,Canada
79,Payton,Langford,plangford26@acquirethisname.com,M,Canada
80,Jessa,Bison,jbison27@deliciousdays.com,F,Canada
81,Morlee,Preshous,mpreshous28@cbsnews.com,M,Canada
82,Der,Sturzaker,dsturzaker29@walmart.com,M,Canada
83,Iago,Kerbler,ikerbler2a@cbslocal.com,M,Canada
84,Zebadiah,Primak,zprimak2b@ucla.edu,M,Canada
85,Evanne,Camidge,ecamidge2c@mozilla.com,F,Canada
86,Conrad,Burniston,cburniston2d@dyndns.org,M,Canada
87,Gibb,Rahlof,grahlof2e@qq.com,M,Canada
88,Roxine,Dary,rdary2f@github.io,F,Canada
89,Duff,Holtum,dholtum2g@hc360.com,M,Canada
90,Tommie,Penhalurick,tpenhalurick2h@sfgate.com,M,Canada
91,Kennith,Turville,kturville2i@microsoft.com,M,Canada
92,Frederic,Vasyaev,fvasyaev2j@soundcloud.com,M,Canada
93,Dorena,Alanbrooke,dalanbrooke2k@spotify.com,F,Canada
94,Sanson,Lockyear,slockyear2l@oracle.com,M,Canada
95,Guglielma,Moult,gmoult2m@tumblr.com,F,Canada
96,Hally,Whitesel,hwhitesel2n@geocities.com,F,Canada
97,Eldin,Lourens,elourens2o@ifeng.com,M,Canada
98,Halley,Sawley,hsawley2p@simplemachines.org,F,Canada
99,Dore,Willstrop,dwillstrop2q@deliciousdays.com,F,Canada
100,Krystyna,Reignard,kreignard2r@meetup.com,F,Canada
101,Morse,Krojn,mkrojn2s@aol.com,M,Canada
102,Tate,Caplan,tcaplan2t@eventbrite.com,M,Canada
103,Deloria,Pordall,dpordall2u@hc360.com,F,Canada
104,Jori,Scammonden,jscammonden2v@msu.edu,F,Canada
105,Allegra,Gainsborough,againsborough2w@1und1.de,F,Canada
106,Regina,Castledine,rcastledine2x@independent.co.uk,F,Canada
107,Jory,Fehners,jfehners2y@theguardian.com,M,Canada
108,Forrester,Goldsbury,fgoldsbury2z@dailymail.co.uk,M,Canada
109,Xerxes,Le Barr,xlebarr30@adobe.com,M,Canada
110,Bridgette,Mouth,bmouth31@boston.com,F,Canada
111,Torrin,Wooffitt,twooffitt32@surveymonkey.com,M,Canada
112,Alexis,Peevor,apeevor33@ca.gov,M,Canada
113,Alberik,Blinckhorne,ablinckhorne34@google.de,M,Canada
114,Robenia,Morritt,rmorritt35@prlog.org,F,Canada
115,Birch,McElhinney,bmcelhinney36@unblog.fr,M,Canada
116,Trenton,Braisher,tbraisher37@princeton.edu,M,Canada
117,Nedi,Polly,npolly38@dot.gov,F,Canada
118,Angele,Kayser,akayser39@livejournal.com,F,Canada
119,Talyah,Koomar,tkoomar3a@quantcast.com,F,Canada
120,Sophia,Loveard,sloveard3b@samsung.com,F,Canada
121,Dun,Newbatt,dnewbatt3c@cmu.edu,M,Canada
122,Ursulina,Pollok,upollok3d@drupal.org,F,Canada
123,Barthel,Grundy,bgrundy3e@chicagotribune.com,M,Canada
124,Chrystel,Beamand,cbeamand3f@bbb.org,F,Canada
125,Norman,Parkman,nparkman3g@sphinn.com,M,Canada
126,Ethyl,Pindell,epindell3h@buzzfeed.com,F,Canada
127,Arline,Brindle,abrindle3i@cmu.edu,F,Canada
128,Willie,Roly,wroly3j@facebook.com,F,Canada
129,Ethelred,Carville,ecarville3k@sciencedaily.com,M,Canada
130,Roseline,Bercher,rbercher3l@mac.com,F,Canada
131,Morgan,Cescoti,mcescoti3m@soup.io,F,Canada
132,Willabella,Howley,whowley3n@illinois.edu,F,Canada
133,Chane,Bartell,cbartell3o@jimdo.com,M,Canada
134,Elbert,Kipping,ekipping3p@weather.com,M,Canada
135,Mikaela,Drayn,mdrayn3q@nhs.uk,F,Canada
136,Esdras,Moquin,emoquin3r@cam.ac.uk,M,Canada
137,Steve,Kienl,skienl3s@weebly.com,M,Canada
138,Beaufort,Fowlston,bfowlston3t@apache.org,M,Canada
139,Odie,Paoletti,opaoletti3u@imgur.com,M,Canada
140,Emma,Fawkes,efawkes3v@youtu.be,F,Canada
141,Mara,Dell Casa,mdellcasa3w@google.com.au,F,Canada
142,Dedra,McGarahan,dmcgarahan3x@shareasale.com,F,Canada
143,Melicent,Wanne,mwanne3y@java.com,F,Canada
144,Antoni,Paffitt,apaffitt3z@tuttocitta.it,M,Canada
145,Worden,Cullum,wcullum40@yolasite.com,M,Canada
146,Sayre,Cardall,scardall41@elegantthemes.com,M,Canada
147,Michelle,Roswarn,mroswarn42@desdev.cn,F,Canada
148,Margot,Breacher,mbreacher43@blogs.com,F,Canada
149,Matty,Rushbrooke,mrushbrooke44@comsenz.com,F,Canada
150,Althea,Harker,aharker45@list-manage.com,F,Canada
151,Gerek,Peto,gpeto46@wufoo.com,M,Canada
152,Joanna,Ratazzi,jratazzi47@tiny.cc,F,Canada
153,Rois,Goskar,rgoskar48@chicagotribune.com,F,Canada
154,Dot,Van de Castele,dvandecastele49@symantec.com,F,Canada
155,Tallia,Bedward,tbedward4a@xrea.com,F,Canada
156,Adela,Baitman,abaitman4b@ezinearticles.com,F,Canada
157,Tarrance,Rubinsohn,trubinsohn4c@washingtonpost.com,M,Canada
158,Jody,Larrosa,jlarrosa4d@google.ru,F,Canada
159,Adolph,Brookhouse,abrookhouse4e@sakura.ne.jp,M,Canada
160,Cord,McDavitt,cmcdavitt4f@cbsnews.com,M,Canada
161,Craggie,Creser,ccreser4g@netscape.com,M,Canada
162,Neale,Hatherell,nhatherell4h@webnode.com,M,Canada
163,Lanie,Lampen,llampen4i@bravesites.com,M,Canada
164,Kendrick,Sowerbutts,ksowerbutts4j@e-recht24.de,M,Canada
165,Daren,Keddey,dkeddey4k@weather.com,M,Canada
166,Dianna,McLoughlin,dmcloughlin4l@sourceforge.net,F,Canada
167,Aarika,Guinnane,aguinnane4m@soundcloud.com,F,Canada
168,Hastings,Mennell,hmennell4n@cisco.com,M,Canada
169,Ransell,June,rjune4o@de.vu,M,Canada
170,Filmer,Bentsen,fbentsen4p@howstuffworks.com,M,Canada
171,Emilio,Melbert,emelbert4q@friendfeed.com,M,Canada
172,Carmita,Kadwallider,ckadwallider4r@youku.com,F,Canada
173,Abbie,Brockie,abrockie4s@dedecms.com,M,Canada
174,Jeromy,Ivanchin,jivanchin4t@mediafire.com,M,Canada
175,Darnall,Al Hirsi,dalhirsi4u@cnn.com,M,Canada
176,Serene,Pendle,spendle4v@tiny.cc,F,Canada
177,Nickolaus,Busswell,nbusswell4w@home.pl,M,Canada
178,Xenos,Klebes,xklebes4x@latimes.com,M,Canada
179,Aksel,Gerold,agerold4y@prlog.org,M,Canada
180,Lesli,MacKimmie,lmackimmie4z@goo.gl,F,Canada
181,Ddene,Syder,dsyder50@yandex.ru,F,Canada
182,Veronika,Sempill,vsempill51@icq.com,F,Canada
183,Aileen,Bartel,abartel52@sbwire.com,F,Canada
184,Edi,Bergen,ebergen53@plala.or.jp,F,Canada
185,Bonny,Bertrand,bbertrand54@hibu.com,F,Canada
186,Joshua,Cavil,jcavil55@craigslist.org,M,Canada
187,Homere,Huguet,hhuguet56@cdc.gov,M,Canada
188,Hart,Amies,hamies57@bbc.co.uk,M,Canada
189,Aviva,Carayol,acarayol58@boston.com,F,Canada
190,Alexandro,Yule,ayule59@hubpages.com,M,Canada
191,Charlotte,Kalinovich,ckalinovich5a@mail.ru,F,Canada
192,Roselin,Cobbing,rcobbing5b@guardian.co.uk,F,Canada
193,Fanya,Bricket,fbricket5c@aol.com,F,Canada
194,Shalom,Lamblot,slamblot5d@bloglines.com,M,Canada
195,Camey,Viant,cviant5e@nba.com,M,Canada
196,Delmar,Bulward,dbulward5f@canalblog.com,M,Canada
197,Bianka,Kun,bkun5g@latimes.com,F,Canada
198,Sean,Struttman,sstruttman5h@delicious.com,M,Canada
199,Lalo,Shevelin,lshevelin5i@quantcast.com,M,Canada
200,Erma,Pere,epere5j@mediafire.com,F,Canada
201,Terence,Poulgreen,tpoulgreen5k@w3.org,M,Canada
202,Hettie,Scading,hscading5l@google.com.br,F,Canada
203,Wilbert,Pavelin,wpavelin5m@whitehouse.gov,M,Canada
204,Burt,Fosdike,bfosdike5n@dmoz.org,M,Canada
205,Kristel,Marian,kmarian5o@twitpic.com,F,Canada
206,Mord,Winterborne,mwinterborne5p@deviantart.com,M,Canada
207,Zaria,Pina,zpina5q@gnu.org,F,Canada
208,Von,Iacobo,viacobo5r@so-net.ne.jp,M,Canada
209,Gladys,Outridge,goutridge5s@nbcnews.com,F,Canada
210,Robena,Rankcom,rrankcom5t@skype.com,F,Canada
211,Olly,Yaus,oyaus5u@acquirethisname.com,M,Canada
212,Iona,Skiplorne,iskiplorne5v@wikia.com,F,Canada
213,Orin,Murphey,omurphey5w@istockphoto.com,M,Canada
214,Isidora,Faragan,ifaragan5x@youtu.be,F,Canada
215,Gilberta,Medcraft,gmedcraft5y@taobao.com,F,Canada
216,Mario,Marshman,mmarshman5z@bluehost.com,M,Canada
217,Rick,Girodier,rgirodier60@foxnews.com,M,Canada
218,Hali,Marages,hmarages61@google.de,F,Canada
219,Mauricio,Nancarrow,mnancarrow62@ameblo.jp,M,Canada
220,Alysia,Dyble,adyble63@slate.com,F,Canada
221,Fields,Pedler,fpedler64@gmpg.org,M,Canada
222,Allyn,Wilfing,awilfing65@qq.com,M,Canada
223,Kania,Yurasov,kyurasov66@mashable.com,F,Canada
224,Goraud,Dellow,gdellow67@quantcast.com,M,Canada
225,Kristos,Febvre,kfebvre68@edublogs.org,M,Canada
226,Terry,Beels,tbeels69@woothemes.com,M,Canada
227,Minnnie,Cardinal,mcardinal6a@ucla.edu,F,Canada
228,Zarah,Broke,zbroke6b@dyndns.org,F,Canada
229,Zeb,Laxtonne,zlaxtonne6c@merriam-webster.com,M,Canada
230,Logan,Ballefant,lballefant6d@arizona.edu,M,Canada
231,Rudie,Gritsunov,rgritsunov6e@engadget.com,M,Canada
232,Antony,Burkin,aburkin6f@digg.com,M,Canada
233,Amelita,MacGettigen,amacgettigen6g@dyndns.org,F,Canada
234,Chlo,Guiett,cguiett6h@desdev.cn,F,Canada
235,Wrennie,Rosson,wrosson6i@exblog.jp,F,Canada
236,Annemarie,Collen,acollen6j@unblog.fr,F,Canada
237,Coral,Bailles,cbailles6k@bing.com,F,Canada
238,Beniamino,Ashelford,bashelford6l@squidoo.com,M,Canada
239,Joshia,Larn,jlarn6m@so-net.ne.jp,M,Canada
240,Gaile,Wignall,gwignall6n@amazon.co.jp,M,Canada
241,Renie,Wallice,rwallice6o@accuweather.com,F,Canada
242,Rosemonde,Reville,rreville6p@blogtalkradio.com,F,Canada
243,Stacey,Holttom,sholttom6q@diigo.com,F,Canada
244,Denny,Wellbank,dwellbank6r@netlog.com,M,Canada
245,Yolane,Fedynski,yfedynski6s@edublogs.org,F,Canada
246,Clay,Tolle,ctolle6t@java.com,M,Canada
247,Raye,Simper,rsimper6u@ameblo.jp,F,Canada
248,Aurora,Pickerell,apickerell6v@walmart.com,F,Canada
249,Goldia,Melan,gmelan6w@1688.com,F,Canada
250,Johnny,Hammonds,jhammonds6x@behance.net,M,Canada
251,Joelly,Blesing,jblesing6y@amazon.co.jp,F,Canada
252,Rock,Sayle,rsayle6z@cloudflare.com,M,Canada
253,Faythe,Dury,fdury70@quantcast.com,F,Canada
254,Sargent,Friedenbach,sfriedenbach71@microsoft.com,M,Canada
255,Artemus,Kestin,akestin72@mit.edu,M,Canada
256,Mandi,Endean,mendean73@tinyurl.com,F,Canada
257,Tabb,Avrahamoff,tavrahamoff74@ed.gov,M,Canada
258,Hadlee,Dyet,hdyet75@pen.io,M,Canada
259,Smith,Jamary,sjamary76@shareasale.com,M,Canada
260,Brooks,Pass,bpass77@ovh.net,F,Canada
261,Hallsy,Daveridge,hdaveridge78@domainmarket.com,M,Canada
262,Guenevere,Quibell,gquibell79@unc.edu,F,Canada
263,Christin,Collcott,ccollcott7a@illinois.edu,F,Canada
264,Fabe,McMains,fmcmains7b@last.fm,M,Canada
265,Marietta,Hugett,mhugett7c@uol.com.br,M,Canada
266,Natalya,Nelle,nnelle7d@theguardian.com,F,Canada
267,Friedrich,Hampe,fhampe7e@thetimes.co.uk,M,Canada
268,Rosy,Walewicz,rwalewicz7f@biblegateway.com,F,Canada
269,Nari,Ravenscroftt,nravenscroftt7g@seattletimes.com,F,Canada
270,Birgit,Wisbey,bwisbey7h@ed.gov,F,Canada
271,Basilio,Couper,bcouper7i@ucoz.ru,M,Canada
272,Sebastien,Lammertz,slammertz7j@microsoft.com,M,Canada
273,Shanon,Markie,smarkie7k@biglobe.ne.jp,F,Canada
274,Aaren,Dombrell,adombrell7l@chron.com,F,Canada
275,Baird,Btham,bbtham7m@joomla.org,M,Canada
276,Judie,Kingswoode,jkingswoode7n@facebook.com,F,Canada
277,Angelica,Quarles,aquarles7o@1688.com,F,Canada
278,Hillie,Gilburt,hgilburt7p@dedecms.com,M,Canada
279,Gael,Winckle,gwinckle7q@bloglovin.com,M,Canada
280,Burt,MacConnechie,bmacconnechie7r@forbes.com,M,Canada
281,Russ,Meran,rmeran7s@clickbank.net,M,Canada
282,Frances,Annakin,fannakin7t@studiopress.com,F,Canada
283,Augustina,Greenwood,agreenwood7u@cafepress.com,F,Canada
284,Dew,Attaway,dattaway7v@prweb.com,M,Canada
285,Sybille,Ghidetti,sghidetti7w@msu.edu,F,Canada
286,Andy,Gyorgy,agyorgy7x@linkedin.com,M,Canada
287,Shelly,Aggett,saggett7y@msn.com,F,Canada
288,Cristine,Wyldbore,cwyldbore7z@php.net,F,Canada
289,Harley,Castelain,hcastelain80@sina.com.cn,M,Canada
290,Fred,Toler,ftoler81@joomla.org,M,Canada
291,Mattie,Tottle,mtottle82@wikimedia.org,F,Canada
292,Paolo,MacMillan,pmacmillan83@xrea.com,M,Canada
293,Ophelie,Storror,ostorror84@miibeian.gov.cn,F,Canada
294,Ede,Ruscoe,eruscoe85@infoseek.co.jp,F,Canada
295,Bernadine,Dare,bdare86@over-blog.com,F,Canada
296,Xena,Hinckley,xhinckley87@cdbaby.com,F,Canada
297,Bridie,McCrillis,bmccrillis88@phoca.cz,F,Canada
298,Tuckie,Lendrem,tlendrem89@yolasite.com,M,Canada
299,John,Claussen,jclaussen8a@cloudflare.com,M,Canada
300,Darell,Butterwick,dbutterwick8b@ucla.edu,F,Canada
301,Othella,Hudspith,ohudspith8c@ca.gov,F,Canada
302,Silvie,Davidzon,sdavidzon8d@free.fr,F,Canada
303,Natalina,Branchett,nbranchett8e@imageshack.us,F,Canada
304,Whitby,O'Geaney,wogeaney8f@dedecms.com,M,Canada
305,Odell,Simionescu,osimionescu8g@yale.edu,M,Canada
306,Carlin,Spackman,cspackman8h@ezinearticles.com,F,Canada
307,Blondy,Wyon,bwyon8i@miitbeian.gov.cn,F,Canada
308,Maria,Applewhaite,mapplewhaite8j@flavors.me,F,Canada
309,Moss,Patient,mpatient8k@webeden.co.uk,M,Canada
310,Wittie,Colebeck,wcolebeck8l@elegantthemes.com,M,Canada
311,Jenica,Cristoforetti,jcristoforetti8m@example.com,F,Canada
312,Viki,Puddin,vpuddin8n@plala.or.jp,F,Canada
313,Di,O'Sesnane,dosesnane8o@marketwatch.com,F,Canada
314,Ebenezer,Antoney,eantoney8p@hibu.com,M,Canada
315,Leupold,Apthorpe,lapthorpe8q@tmall.com,M,Canada
316,Hanny,Shave,hshave8r@boston.com,F,Canada
317,Sergei,Stripling,sstripling8s@printfriendly.com,M,Canada
318,Anallese,Bollis,abollis8t@oakley.com,F,Canada
319,Tobe,Carverhill,tcarverhill8u@bloomberg.com,M,Canada
320,Mart,Railton,mrailton8v@nytimes.com,M,Canada
321,Kelbee,Zecchini,kzecchini8w@imdb.com,M,Canada
322,Cinda,Aronovitz,caronovitz8x@163.com,F,Canada
323,Nikolaus,Hyslop,nhyslop8y@accuweather.com,M,Canada
324,Konstance,Wycliffe,kwycliffe8z@dropbox.com,F,Canada
325,Marsh,Bould,mbould90@cdc.gov,M,Canada
326,Nestor,Dormer,ndormer91@google.ru,M,Canada
327,Lorne,Work,lwork92@lulu.com,F,Canada
328,Currey,Holme,cholme93@google.com.au,M,Canada
329,Fidelity,Marquot,fmarquot94@cornell.edu,F,Canada
330,Loralee,McKeighan,lmckeighan95@google.fr,F,Canada
331,Erich,Ungerechts,eungerechts96@wikimedia.org,M,Canada
332,Ignaz,O'Crevan,iocrevan97@nih.gov,M,Canada
333,Iorgo,Dowers,idowers98@nasa.gov,M,Canada
334,Issi,Salatino,isalatino99@wsj.com,F,Canada
335,Antonin,Leabeater,aleabeater9a@vistaprint.com,M,Canada
336,Delila,Becerro,dbecerro9b@ed.gov,F,Canada
337,Leila,Gergler,lgergler9c@intel.com,F,Canada
338,Domenico,Kitcatt,dkitcatt9d@discuz.net,M,Canada
339,Morgan,Redpath,mredpath9e@businessweek.com,M,Canada
340,Evie,Clutton,eclutton9f@google.com.hk,F,Canada
341,Johny,Schechter,jschechter9g@senate.gov,M,Canada
342,Rivkah,McElory,rmcelory9h@dedecms.com,F,Canada
343,Vikki,Hannaford,vhannaford9i@seesaa.net,F,Canada
344,Darnall,Uc,duc9j@imageshack.us,M,Canada
345,Nelson,Woolcocks,nwoolcocks9k@spotify.com,M,Canada
346,Jeremy,Eccersley,jeccersley9l@shinystat.com,M,Canada
347,Reginauld,Bletcher,rbletcher9m@google.it,M,Canada
348,Fergus,Bows,fbows9n@ucsd.edu,M,Canada
349,Pascal,Dilrew,pdilrew9o@phpbb.com,M,Canada
350,Rubin,Koop,rkoop9p@bluehost.com,M,Canada
351,Iorgo,Ruddell,iruddell9q@github.com,M,Canada
352,Ebenezer,Jimes,ejimes9r@youtube.com,M,Canada
353,Francesca,Bretherton,fbretherton9s@gov.uk,F,Canada
354,Betteann,Dalloway,bdalloway9t@dyndns.org,F,Canada
355,Cheslie,Edridge,cedridge9u@buzzfeed.com,F,Canada
356,Correy,St Louis,cstlouis9v@discuz.net,M,Canada
357,Gregoor,Dietmar,gdietmar9w@uol.com.br,M,Canada
358,Jethro,Troup,jtroup9x@cam.ac.uk,M,Canada
359,Fleurette,Bolwell,fbolwell9y@biglobe.ne.jp,F,Canada
360,Humfrey,Greedier,hgreedier9z@theatlantic.com,M,Canada
361,Midge,Stollberg,mstollberga0@statcounter.com,F,Canada
362,Cassandre,Dilley,cdilleya1@soup.io,F,Canada
363,Bridgette,Rewbottom,brewbottoma2@tinyurl.com,F,Canada
364,Georgetta,Spender,gspendera3@prweb.com,F,Canada
365,Ole,Outright,ooutrighta4@smh.com.au,M,Canada
366,Bill,Labat,blabata5@friendfeed.com,F,Canada
367,Rosmunda,Jerrans,rjerransa6@usa.gov,F,Canada
368,Morgen,Hiskey,mhiskeya7@ucsd.edu,M,Canada
369,Ingaberg,Buist,ibuista8@techcrunch.com,F,Canada
370,Marigold,Hegerty,mhegertya9@wunderground.com,F,Canada
371,Izak,Greyes,igreyesaa@skype.com,M,Canada
372,Mamie,Adnett,madnettab@unicef.org,F,Canada
373,Agneta,Iozefovich,aiozefovichac@etsy.com,F,Canada
374,Aile,Impy,aimpyad@weibo.com,F,Canada
375,Page,Bick,pbickae@hibu.com,F,Canada
376,Anett,Dorrian,adorrianaf@baidu.com,F,Canada
377,Suzy,Hankinson,shankinsonag@webs.com,F,Canada
378,Emelina,Klagge,eklaggeah@elegantthemes.com,F,Canada
379,Fenelia,Naughton,fnaughtonai@illinois.edu,F,Canada
380,Lani,Battabee,lbattabeeaj@blogtalkradio.com,F,Canada
381,Stephannie,O Mullen,somullenak@alexa.com,F,Canada
382,Abdel,Scarce,ascarceal@un.org,M,Canada
383,Odille,Aviss,oavissam@merriam-webster.com,F,Canada
384,Gabriellia,Duckfield,gduckfieldan@earthlink.net,F,Canada
385,Ernaline,Leggate,eleggateao@icq.com,F,Canada
386,Consuela,Macieja,cmaciejaap@auda.org.au,F,Canada
387,Leland,Mayston,lmaystonaq@xing.com,M,Canada
388,Cleveland,Thicking,cthickingar@skyrock.com,M,Canada
389,Barbi,Lorimer,blorimeras@bbb.org,F,Canada
390,Bree,Hercules,bherculesat@instagram.com,F,Canada
391,Stephani,Pestor,spestorau@uol.com.br,F,Canada
392,Vilhelmina,Handover,vhandoverav@cbslocal.com,F,Canada
393,Hilliard,Adanet,hadanetaw@economist.com,M,Canada
394,Sela,Gauson,sgausonax@independent.co.uk,F,Canada
395,Emmerich,Kirtley,ekirtleyay@samsung.com,M,Canada
396,Valentia,Curnock,vcurnockaz@usgs.gov,F,Canada
397,Gerik,Dochon,gdochonb0@godaddy.com,M,Canada
398,Cami,Golden,cgoldenb1@wufoo.com,F,Canada
399,Jourdain,McPeeters,jmcpeetersb2@yale.edu,M,Canada
400,Timi,Huddles,thuddlesb3@jiathis.com,F,Canada
401,Debra,Stapford,dstapfordb4@yahoo.co.jp,F,Canada
402,Aldridge,Covotti,acovottib5@answers.com,M,Canada
403,Stella,Pheby,sphebyb6@gov.uk,F,Canada
404,Cordelie,Glacken,cglackenb7@hexun.com,F,Canada
405,Fraser,Lis,flisb8@time.com,M,Canada
406,Delores,Ixer,dixerb9@aboutads.info,F,Canada
407,Shea,Theze,sthezeba@amazon.co.uk,F,Canada
408,Natty,Iamittii,niamittiibb@admin.ch,F,Canada
409,Rivkah,MacMakin,rmacmakinbc@bravesites.com,F,Canada
410,Early,Biglin,ebiglinbd@independent.co.uk,M,Canada
411,Perle,Geistbeck,pgeistbeckbe@fotki.com,F,Canada
412,Rickie,Gorler,rgorlerbf@yellowbook.com,M,Canada
413,Hettie,Youll,hyoullbg@ask.com,F,Canada
414,Yelena,Croux,ycrouxbh@is.gd,F,Canada
415,Gregory,Berg,gbergbi@icq.com,M,Canada
416,Herculie,Habershaw,hhabershawbj@meetup.com,M,Canada
417,Skippie,Marshal,smarshalbk@ow.ly,M,Canada
418,Kareem,Dur,kdurbl@dyndns.org,M,Canada
419,Davidde,Reddlesden,dreddlesdenbm@surveymonkey.com,M,Canada
420,Dani,McTeer,dmcteerbn@163.com,M,Canada
421,Xerxes,Keyworth,xkeyworthbo@ning.com,M,Canada
422,Matelda,Izakson,mizaksonbp@wired.com,F,Canada
423,Stan,Bittleson,sbittlesonbq@ucsd.edu,M,Canada
424,Guenevere,Mosby,gmosbybr@gov.uk,F,Canada
425,Donica,Glasner,dglasnerbs@hostgator.com,F,Canada
426,Dante,Monnelly,dmonnellybt@t-online.de,M,Canada
427,Aharon,Guarin,aguarinbu@lycos.com,M,Canada
428,Jessa,Older,jolderbv@craigslist.org,F,Canada
429,Heddie,Rignall,hrignallbw@illinois.edu,F,Canada
430,Anastasia,Banford,abanfordbx@mtv.com,F,Canada
431,Kittie,Beebis,kbeebisby@e-recht24.de,F,Canada
432,Tabitha,Billany,tbillanybz@pbs.org,F,Canada
433,Reube,McNalley,rmcnalleyc0@sourceforge.net,M,Canada
434,Caren,Roakes,croakesc1@altervista.org,F,Canada
435,Carmencita,Umbert,cumbertc2@apple.com,F,Canada
436,Corney,Bruhn,cbruhnc3@vimeo.com,M,Canada
437,Amby,Fettiplace,afettiplacec4@tamu.edu,M,Canada
438,Kitti,Thombleson,kthomblesonc5@bbc.co.uk,F,Canada
439,Vergil,Vasyatkin,vvasyatkinc6@flavors.me,M,Canada
440,Kim,Sessions,ksessionsc7@pbs.org,F,Canada
441,Wash,Pavek,wpavekc8@mail.ru,M,Canada
442,Luke,Mangeney,lmangeneyc9@slate.com,M,Canada
443,Nikolaos,Farres,nfarresca@creativecommons.org,M,Canada
444,Lory,Lathey,llatheycb@creativecommons.org,F,Canada
445,Smith,Domnick,sdomnickcc@army.mil,M,Canada
446,Glen,Mattholie,gmattholiecd@jimdo.com,M,Canada
447,Lee,Ace,lacece@chicagotribune.com,M,Canada
448,Holmes,Santi,hsanticf@sogou.com,M,Canada
449,Garrek,Brahmer,gbrahmercg@sakura.ne.jp,M,Canada
450,Niko,Lippi,nlippich@vinaora.com,M,Canada
451,Palmer,Crosdill,pcrosdillci@live.com,M,Canada
452,Anthea,Colby,acolbycj@dagondesign.com,F,Canada
453,Travus,Everett,teverettck@japanpost.jp,M,Canada
454,Adelind,Odde,aoddecl@indiatimes.com,F,Canada
455,Hercule,Chesworth,hchesworthcm@stumbleupon.com,M,Canada
456,Jerrold,Stithe,jstithecn@histats.com,M,Canada
457,Nessy,Fullstone,nfullstoneco@reverbnation.com,F,Canada
458,Berny,Leaming,bleamingcp@ameblo.jp,F,Canada
459,Trescha,Flode,tflodecq@tiny.cc,F,Canada
460,Maryanna,Iskowitz,miskowitzcr@wunderground.com,F,Canada
461,Kaila,Cogdon,kcogdoncs@mit.edu,F,Canada
462,Jerome,Broomfield,jbroomfieldct@newyorker.com,M,Canada
463,Gwendolin,Champerlen,gchamperlencu@blog.com,F,Canada
464,Chris,Lennarde,clennardecv@pcworld.com,M,Canada
465,Alfie,Rainbird,arainbirdcw@jiathis.com,M,Canada
466,Pierson,Pedreschi,ppedreschicx@naver.com,M,Canada
467,Burke,Bartalini,bbartalinicy@flickr.com,M,Canada
468,Chrissie,Schwerin,cschwerincz@mysql.com,F,Canada
469,Shay,Sheer,ssheerd0@exblog.jp,M,Canada
470,Orv,Buffham,obuffhamd1@jigsy.com,M,Canada
471,Pattie,Weaben,pweabend2@mlb.com,M,Canada
472,Helaina,Brandenberg,hbrandenbergd3@marketwatch.com,F,Canada
473,Esme,Hyslop,ehyslopd4@imageshack.us,F,Canada
474,Jonathan,Kilban,jkilband5@usda.gov,M,Canada
475,Denver,Fay,dfayd6@devhub.com,M,Canada
476,Latisha,Stapleton,lstapletond7@ask.com,F,Canada
477,Tessi,Allright,tallrightd8@imdb.com,F,Canada
478,Merrile,Helks,mhelksd9@spiegel.de,F,Canada
479,Parke,Gudyer,pgudyerda@tripadvisor.com,M,Canada
480,Babita,Beneteau,bbeneteaudb@omniture.com,F,Canada
481,Harlen,Bamlet,hbamletdc@salon.com,M,Canada
482,Eugene,Carsey,ecarseydd@reference.com,M,Canada
483,Mitch,Gwillym,mgwillymde@sun.com,M,Canada
484,Chalmers,Kleanthous,ckleanthousdf@economist.com,M,Canada
485,Shoshana,Ithell,sithelldg@state.gov,F,Canada
486,Alison,Castellone,acastellonedh@goo.gl,F,Canada
487,Ezri,Maskew,emaskewdi@shinystat.com,M,Canada
488,Alexi,Eighteen,aeighteendj@odnoklassniki.ru,F,Canada
489,Darn,Farnhill,dfarnhilldk@posterous.com,M,Canada
490,Lionel,Saenz,lsaenzdl@nhs.uk,M,Canada
491,Stefa,Hirjak,shirjakdm@themeforest.net,F,Canada
492,Pasquale,Loney,ploneydn@pinterest.com,M,Canada
493,Libby,Ochiltree,lochiltreedo@usgs.gov,F,Canada
494,Artemas,Dorsey,adorseydp@g.co,M,Canada
495,Alyda,Dougherty,adoughertydq@google.com.au,F,Canada
496,Irving,Benazet,ibenazetdr@toplist.cz,M,Canada
497,Barris,Deinhard,bdeinhardds@gravatar.com,M,Canada
498,Gerry,Sidebotham,gsidebothamdt@about.me,F,Canada
499,Sutton,Springer,sspringerdu@blogs.com,M,Canada
500,Suzette,Autry,sautrydv@pinterest.com,F,Canada
501,Richart,Glenn,rglenndw@sogou.com,M,Canada
502,Billye,Ody,bodydx@lycos.com,F,Canada
503,Lester,Mole,lmoledy@nymag.com,M,Canada
504,Hynda,Leroy,hleroydz@whitehouse.gov,F,Canada
505,Federica,Coe,fcoee0@comcast.net,F,Canada
506,Nicolea,Gillino,ngillinoe1@pinterest.com,F,Canada
507,Theodoric,MacPhail,tmacphaile2@ftc.gov,M,Canada
508,Star,Wigmore,swigmoree3@vkontakte.ru,F,Canada
509,Reinaldos,Gellion,rgellione4@lulu.com,M,Canada
510,Travus,Ginity,tginitye5@google.nl,M,Canada
511,Alden,Hailey,ahaileye6@lycos.com,M,Canada
512,Athena,Pimbley,apimbleye7@multiply.com,F,Canada
513,Maxie,Glassborow,mglassborowe8@newsvine.com,F,Canada
514,Sibyl,Carabet,scarabete9@hexun.com,M,Canada
515,Brian,Maskall,bmaskallea@omniture.com,M,Canada
516,Casandra,Crowson,ccrowsoneb@tiny.cc,F,Canada
517,Aldon,Beelby,abeelbyec@google.com.au,M,Canada
518,Orbadiah,Shear,osheared@ucoz.com,M,Canada
519,Tate,Anscott,tanscottee@plala.or.jp,F,Canada
520,Corissa,Wimbush,cwimbushef@technorati.com,F,Canada
521,Goran,McGifford,gmcgiffordeg@rediff.com,M,Canada
522,Vic,Prime,vprimeeh@g.co,M,Canada
523,Ed,Yokel,eyokelei@instagram.com,M,Canada
524,Renelle,Lyman,rlymanej@admin.ch,F,Canada
525,Ema,Sidery,esideryek@buzzfeed.com,F,Canada
526,Raven,Barrim,rbarrimel@123-reg.co.uk,F,Canada
527,Albrecht,Norsister,anorsisterem@ucoz.com,M,Canada
528,Clemence,Feathers,cfeathersen@about.me,F,Canada
529,Margery,Abrahmer,mabrahmereo@addthis.com,F,Canada
530,Nari,Foulgham,nfoulghamep@behance.net,F,Canada
531,Zedekiah,Mazey,zmazeyeq@un.org,M,Canada
532,Nikaniki,MacTrustram,nmactrustramer@webnode.com,F,Canada
533,Selma,Lammert,slammertes@google.com.hk,F,Canada
534,Kendra,Duckels,kduckelset@shinystat.com,F,Canada
535,Candra,Lenthall,clenthalleu@wp.com,F,Canada
536,Bessie,Stellin,bstellinev@miibeian.gov.cn,F,Canada
537,Normie,Burnhard,nburnhardew@nbcnews.com,M,Canada
538,Michel,McChesney,mmcchesneyex@yahoo.co.jp,F,Canada
539,Bryn,Gilfoyle,bgilfoyleey@gravatar.com,F,Canada
540,Angus,Braitling,abraitlingez@soup.io,M,Canada
541,Sheelagh,Mixer,smixerf0@icq.com,F,Canada
542,Brigit,Jope,bjopef1@constantcontact.com,F,Canada
543,Editha,Ledley,eledleyf2@mashable.com,F,Canada
544,Kaine,Barden,kbardenf3@desdev.cn,M,Canada
545,Marcelle,Newby,mnewbyf4@mtv.com,F,Canada
546,Ester,Balaizot,ebalaizotf5@360.cn,F,Canada
547,Cinnamon,Pickerell,cpickerellf6@latimes.com,F,Canada
548,Ede,Tuminini,etumininif7@ox.ac.uk,F,Canada
549,Sibbie,Iorio,sioriof8@slashdot.org,F,Canada
550,Ezekiel,Doust,edoustf9@comcast.net,M,Canada
551,Quinton,Eggleson,qegglesonfa@smugmug.com,M,Canada
552,Ida,McDavid,imcdavidfb@foxnews.com,F,Canada
553,Shelden,Tomes,stomesfc@mozilla.org,M,Canada
554,Roth,Goodbody,rgoodbodyfd@nasa.gov,M,Canada
555,Kaile,Godding,kgoddingfe@foxnews.com,F,Canada
556,Joe,Von Der Empten,jvonderemptenff@engadget.com,M,Canada
557,Janel,Hoopper,jhoopperfg@fastcompany.com,F,Canada
558,Torie,Cory,tcoryfh@123-reg.co.uk,F,Canada
559,Salvador,Bazoche,sbazochefi@hc360.com,M,Canada
560,Martica,Luchetti,mluchettifj@hc360.com,F,Canada
561,Anallise,Lavallie,alavalliefk@slashdot.org,F,Canada
562,Katrina,Fontenot,kfontenotfl@icio.us,F,Canada
563,Willdon,Pullen,wpullenfm@mac.com,M,Canada
564,Valentine,Ruprecht,vruprechtfn@japanpost.jp,M,Canada
565,Elmo,Slyvester,eslyvesterfo@accuweather.com,M,Canada
566,Dirk,Reis,dreisfp@privacy.gov.au,M,Canada
567,Starr,Dalgarnowch,sdalgarnowchfq@cmu.edu,F,Canada
568,Bari,Book,bbookfr@chron.com,F,Canada
569,Aloise,Artois,aartoisfs@utexas.edu,F,Canada
570,Atalanta,Von Helmholtz,avonhelmholtzft@nytimes.com,F,Canada
571,Bessie,Rickarsey,brickarseyfu@tripadvisor.com,F,Canada
572,Abbe,Clarkin,aclarkinfv@apple.com,M,Canada
573,Vernor,Monget,vmongetfw@goodreads.com,M,Canada
574,Grantley,Hepher,ghepherfx@craigslist.org,M,Canada
575,Daffie,Clewlow,dclewlowfy@salon.com,F,Canada
576,Vaughan,Verna,vvernafz@jugem.jp,M,Canada
577,Julietta,Jennaroy,jjennaroyg0@google.ru,F,Canada
578,Alissa,Rosenau,arosenaug1@linkedin.com,F,Canada
579,Briano,Tison,btisong2@constantcontact.com,M,Canada
580,Natalee,Potteril,npotterilg3@macromedia.com,F,Canada
581,Leila,Bon,lbong4@va.gov,F,Canada
582,Jasmina,Salvador,jsalvadorg5@chicagotribune.com,F,Canada
583,Lexis,Parvin,lparving6@google.pl,F,Canada
584,Fara,Kyston,fkystong7@phoca.cz,F,Canada
585,Fabio,Buckam,fbuckamg8@ibm.com,M,Canada
586,Boothe,Hamshaw,bhamshawg9@scientificamerican.com,M,Canada
587,Pierce,Mathou,pmathouga@cnbc.com,M,Canada
588,Ainslee,de Glanville,adeglanvillegb@dell.com,F,Canada
589,Matthaeus,Horley,mhorleygc@fema.gov,M,Canada
590,Glori,Spybey,gspybeygd@oakley.com,F,Canada
591,Adrianna,Tomenson,atomensonge@usatoday.com,F,Canada
592,Agna,Barme,abarmegf@ted.com,F,Canada
593,Sheena,Marty,smartygg@rediff.com,F,Canada
594,Aime,Schops,aschopsgh@answers.com,F,Canada
595,Hestia,Yates,hyatesgi@google.fr,F,Canada
596,Sarge,Olech,solechgj@theatlantic.com,M,Canada
597,Indira,Fiennes,ifiennesgk@blinklist.com,F,Canada
598,Bev,Tombling,btomblinggl@ehow.com,F,Canada
599,Daren,Galle,dgallegm@weebly.com,M,Canada
600,Fancie,Van der Brug,fvanderbruggn@godaddy.com,F,Canada
601,Alie,Nansom,anansomgo@nsw.gov.au,F,Canada
602,Val,Jann,vjanngp@bloomberg.com,M,Canada
603,Wilhelmina,Starling,wstarlinggq@miitbeian.gov.cn,F,Canada
604,Rhianon,Farquhar,rfarquhargr@google.com,F,Canada
605,Dee,Whenham,dwhenhamgs@ifeng.com,F,Canada
606,Lyndsey,Bellow,lbellowgt@blogtalkradio.com,F,Canada
607,Zea,Housegoe,zhousegoegu@deliciousdays.com,F,Canada
608,Karlis,Ioselevich,kioselevichgv@java.com,M,Canada
609,Lynnea,Warn,lwarngw@g.co,F,Canada
610,Lance,McCombe,lmccombegx@google.com,M,Canada
611,Di,Meckiff,dmeckiffgy@nba.com,F,Canada
612,Jacklyn,Baal,jbaalgz@is.gd,F,Canada
613,Robinson,Lawler,rlawlerh0@freewebs.com,M,Canada
614,Aile,Guillford,aguillfordh1@springer.com,F,Canada
615,Cassey,Silburn,csilburnh2@xing.com,F,Canada
616,Bar,Chelnam,bchelnamh3@sphinn.com,M,Canada
617,Reggis,Stolberger,rstolbergerh4@ucoz.ru,M,Canada
618,Myrwyn,Greenmon,mgreenmonh5@epa.gov,M,Canada
619,Far,Harrinson,fharrinsonh6@smugmug.com,M,Canada
620,Virge,Lalonde,vlalondeh7@angelfire.com,M,Canada
621,Rodger,O'Bradain,robradainh8@etsy.com,M,Canada
622,Derby,O'Glessane,doglessaneh9@house.gov,M,Canada
623,Suzanne,Wanless,swanlessha@globo.com,F,Canada
624,Maxine,McCourt,mmccourthb@yelp.com,F,Canada
625,Gabriellia,Labuschagne,glabuschagnehc@livejournal.com,F,Canada
626,Dawna,O'Shiel,doshielhd@ucsd.edu,F,Canada
627,Gilbertine,Rachuig,grachuighe@51.la,F,Canada
628,Sherman,Spradbrow,sspradbrowhf@cpanel.net,M,Canada
629,Annalee,Dirr,adirrhg@tiny.cc,F,Canada
630,Saidee,Minshall,sminshallhh@virginia.edu,F,Canada
631,Adena,Pickring,apickringhi@google.com,F,Canada
632,Patty,Jean,pjeanhj@abc.net.au,M,Canada
633,Idell,Vidgeon,ividgeonhk@usa.gov,F,Canada
634,Cherianne,Petrushanko,cpetrushankohl@ebay.com,F,Canada
635,Jacki,Barbery,jbarberyhm@elegantthemes.com,F,Canada
636,Thibaut,Mottinelli,tmottinellihn@amazon.de,M,Canada
637,Marrilee,Thirst,mthirstho@ustream.tv,F,Canada
638,Jed,Tome,jtomehp@stanford.edu,M,Canada
639,Allyn,Gutman,agutmanhq@ucsd.edu,M,Canada
640,Chen,Daniely,cdanielyhr@rakuten.co.jp,M,Canada
641,Bruce,Maskelyne,bmaskelynehs@bizjournals.com,M,Canada
642,Frans,Stores,fstoresht@dot.gov,M,Canada
643,Ervin,Giller,egillerhu@europa.eu,M,Canada
644,Currey,Jamson,cjamsonhv@youku.com,M,Canada
645,Dacie,Underdown,dunderdownhw@usnews.com,F,Canada
646,Elva,Shergill,eshergillhx@samsung.com,F,Canada
647,Kelsey,Fishly,kfishlyhy@dell.com,F,Canada
648,Cyrillus,Union,cunionhz@desdev.cn,M,Canada
649,Ruthie,McTeer,rmcteeri0@uol.com.br,F,Canada
650,Everett,Lendrem,elendremi1@weebly.com,M,Canada
651,Tamas,Boram,tborami2@webeden.co.uk,M,Canada
652,Allene,Urien,aurieni3@dion.ne.jp,F,Canada
653,Adler,Aguirrezabala,aaguirrezabalai4@ifeng.com,M,Canada
654,Lissa,Pietzker,lpietzkeri5@edublogs.org,F,Canada
655,Mikel,Bavester,mbavesteri6@sphinn.com,M,Canada
656,Thom,Seak,tseaki7@timesonline.co.uk,M,Canada
657,Laurianne,Ainscow,lainscowi8@usatoday.com,F,Canada
658,Arnaldo,Dace,adacei9@npr.org,M,Canada
659,June,Uwins,juwinsia@163.com,F,Canada
660,Joelynn,Hubbard,jhubbardib@typepad.com,F,Canada
661,Ruthanne,Ikin,rikinic@skype.com,F,Canada
662,Nolan,Jehaes,njehaesid@sciencedaily.com,M,Canada
663,Tabatha,Caven,tcavenie@princeton.edu,F,Canada
664,Darnell,Simes,dsimesif@tinyurl.com,M,Canada
665,Otha,Nabbs,onabbsig@bbc.co.uk,F,Canada
666,Halette,Livock,hlivockih@github.com,F,Canada
667,Evy,Corragan,ecorraganii@blogger.com,F,Canada
668,Tatiania,Gaytor,tgaytorij@exblog.jp,F,Canada
669,Waiter,Boatwright,wboatwrightik@rediff.com,M,Canada
670,Preston,Cherrett,pcherrettil@wikimedia.org,M,Canada
671,Dominica,Pleaden,dpleadenim@ihg.com,F,Canada
672,Olin,Cregan,ocreganin@furl.net,M,Canada
673,Garold,De Paoli,gdepaoliio@opensource.org,M,Canada
674,Nicky,Elloway,nellowayip@nih.gov,M,Canada
675,Isaiah,Shimony,ishimonyiq@hhs.gov,M,Canada
676,Rayna,Huby,rhubyir@cnet.com,F,Canada
677,Caldwell,Bagot,cbagotis@google.co.jp,M,Canada
678,Kingsley,Jerrans,kjerransit@simplemachines.org,M,Canada
679,Ronda,Tomicki,rtomickiiu@msn.com,F,Canada
680,Umberto,Bankhurst,ubankhurstiv@prnewswire.com,M,Canada
681,Waly,Ransley,wransleyiw@drupal.org,F,Canada
682,Dorisa,Gradly,dgradlyix@furl.net,F,Canada
683,Ambur,Squibbes,asquibbesiy@wisc.edu,F,Canada
684,Hadlee,Passey,hpasseyiz@123-reg.co.uk,M,Canada
685,Ashley,Teggin,ategginj0@google.es,M,Canada
686,Ximenez,Hobson,xhobsonj1@arstechnica.com,M,Canada
687,Gertrude,Wilber,gwilberj2@cdc.gov,F,Canada
688,Kennie,Romeo,kromeoj3@behance.net,M,Canada
689,Cherey,Phin,cphinj4@issuu.com,F,Canada
690,Chandler,Burgill,cburgillj5@merriam-webster.com,M,Canada
691,Ezechiel,Awde,eawdej6@bloomberg.com,M,Canada
692,Cecilla,Gozney,cgozneyj7@over-blog.com,F,Canada
693,Juliann,Andrzejewski,jandrzejewskij8@mediafire.com,F,Canada
694,Herve,Jinkin,hjinkinj9@exblog.jp,M,Canada
695,Lamar,Swadon,lswadonja@sitemeter.com,M,Canada
696,Allis,Peres,aperesjb@networkadvertising.org,F,Canada
697,Jodie,Quinnelly,jquinnellyjc@mozilla.org,F,Canada
698,Marti,Bebbington,mbebbingtonjd@chicagotribune.com,F,Canada
699,Krystal,Zanni,kzannije@paginegialle.it,F,Canada
700,Tomlin,Aizikov,taizikovjf@theguardian.com,M,Canada
701,Brade,Pelos,bpelosjg@gizmodo.com,M,Canada
702,Laura,Prisk,lpriskjh@examiner.com,F,Canada
703,Maisie,Pierrepoint,mpierrepointji@bandcamp.com,F,Canada
704,Reamonn,Larner,rlarnerjj@alibaba.com,M,Canada
705,Isa,Schubert,ischubertjk@google.co.jp,M,Canada
706,Nessy,Bachelar,nbachelarjl@biblegateway.com,F,Canada
707,Killie,Kirlin,kkirlinjm@indiatimes.com,M,Canada
708,Nalani,Janeczek,njaneczekjn@hostgator.com,F,Canada
709,Julieta,Langhorne,jlanghornejo@shareasale.com,F,Canada
710,Biron,Sarchwell,bsarchwelljp@whitehouse.gov,M,Canada
711,Sandra,McGrady,smcgradyjq@angelfire.com,F,Canada
712,Leonerd,Sisneros,lsisnerosjr@tiny.cc,M,Canada
713,Herculie,Canto,hcantojs@ucoz.ru,M,Canada
714,Hillier,Keilloh,hkeillohjt@devhub.com,M,Canada
715,Earlie,Lockier,elockierju@japanpost.jp,M,Canada
716,Matthias,Haswell,mhaswelljv@ezinearticles.com,M,Canada
717,Adler,Rosengart,arosengartjw@hibu.com,M,Canada
718,Devina,Sievewright,dsievewrightjx@mail.ru,F,Canada
719,Isidore,Wathan,iwathanjy@soup.io,M,Canada
720,Janis,Weafer,jweaferjz@tamu.edu,F,Canada
721,Erick,Spirit,espiritk0@1und1.de,M,Canada
722,Jessy,Domb,jdombk1@yellowpages.com,F,Canada
723,Zelda,Shipcott,zshipcottk2@ox.ac.uk,F,Canada
724,Orran,Nudds,onuddsk3@ucsd.edu,M,Canada
725,Allister,Polino,apolinok4@histats.com,M,Canada
726,Marnia,Goublier,mgoublierk5@pbs.org,F,Canada
727,Rosy,Hawkey,rhawkeyk6@economist.com,F,Canada
728,Dillie,Whitlock,dwhitlockk7@nature.com,M,Canada
729,Hank,Walkowski,hwalkowskik8@accuweather.com,M,Canada
730,Aeriela,Donohoe,adonohoek9@cnn.com,F,Canada
731,Essa,Heare,eheareka@elpais.com,F,Canada
732,Gabbie,Jirus,gjiruskb@princeton.edu,M,Canada
733,Luella,Kleinholz,lkleinholzkc@shinystat.com,F,Canada
734,Riccardo,Cadden,rcaddenkd@pen.io,M,Canada
735,Ede,Ranger,erangerke@about.me,F,Canada
736,Cherey,Sercombe,csercombekf@msn.com,F,Canada
737,Killian,Lambertz,klambertzkg@goodreads.com,M,Canada
738,Harriot,Vasilov,hvasilovkh@japanpost.jp,F,Canada
739,Lynsey,McRobert,lmcrobertki@soundcloud.com,F,Canada
740,Derby,Witul,dwitulkj@webnode.com,M,Canada
741,Fin,McNeice,fmcneicekk@clickbank.net,M,Canada
742,Katherina,Gudahy,kgudahykl@princeton.edu,F,Canada
743,Mehetabel,Kenningham,mkenninghamkm@flavors.me,F,Canada
744,Ker,Eagleston,keaglestonkn@princeton.edu,M,Canada
745,Hanson,Buffy,hbuffyko@npr.org,M,Canada
746,Boyce,Younghusband,byounghusbandkp@nytimes.com,M,Canada
747,Martyn,Danes,mdaneskq@biblegateway.com,M,Canada
748,Hector,Demcak,hdemcakkr@about.me,M,Canada
749,Jennette,Audenis,jaudenisks@51.la,F,Canada
750,Loren,Baddeley,lbaddeleykt@typepad.com,F,Canada
751,Olivier,Alentyev,oalentyevku@smh.com.au,M,Canada
752,Jehu,Hafner,jhafnerkv@canalblog.com,M,Canada
753,Bobinette,Shaddock,bshaddockkw@fema.gov,F,Canada
754,Caspar,Tritten,ctrittenkx@mit.edu,M,Canada
755,Geraldine,Bamsey,gbamseyky@google.pl,F,Canada
756,Cazzie,Lowsely,clowselykz@tripod.com,M,Canada
757,Tedd,Peschke,tpeschkel0@time.com,M,Canada
758,Essa,Hembrow,ehembrowl1@vkontakte.ru,F,Canada
759,Bogey,Hubbuck,bhubbuckl2@fema.gov,M,Canada
760,Jethro,Ruggieri,jruggieril3@wisc.edu,M,Canada
761,Josee,Dawton,jdawtonl4@tinypic.com,F,Canada
762,Dunc,January 1st,djanuarystl5@xing.com,M,Canada
763,Ado,Bradtke,abradtkel6@slashdot.org,M,Canada
764,Randy,Rumke,rrumkel7@webs.com,F,Canada
765,Haily,Soreau,hsoreaul8@webmd.com,M,Canada
766,Storm,Brear,sbrearl9@nba.com,F,Canada
767,Marcie,Kix,mkixla@usgs.gov,F,Canada
768,Corrine,Chantillon,cchantillonlb@sakura.ne.jp,F,Canada
769,Fifi,Burchett,fburchettlc@techcrunch.com,F,Canada
770,Kendall,Haulkham,khaulkhamld@businessweek.com,M,Canada
771,Welch,Papen,wpapenle@soup.io,M,Canada
772,Marci,Ottiwill,mottiwilllf@barnesandnoble.com,F,Canada
773,Lannie,Beyne,lbeynelg@flavors.me,M,Canada
774,Lester,Pottiphar,lpottipharlh@house.gov,M,Canada
775,Estelle,Couche,ecoucheli@wix.com,F,Canada
776,Megen,Hazard,mhazardlj@vimeo.com,F,Canada
777,Germain,Filby,gfilbylk@free.fr,M,Canada
778,Avictor,Kaplin,akaplinll@yellowbook.com,M,Canada
779,Ethelind,Naptine,enaptinelm@bigcartel.com,F,Canada
780,Tony,Elijahu,telijahuln@de.vu,M,Canada
781,Tally,Leveret,tleveretlo@spiegel.de,M,Canada
782,Wandie,Suthworth,wsuthworthlp@thetimes.co.uk,F,Canada
783,Lucienne,Brothwell,lbrothwelllq@devhub.com,F,Canada
784,Meridith,Andreone,mandreonelr@webeden.co.uk,F,Canada
785,Nickolai,Cromarty,ncromartyls@seattletimes.com,M,Canada
786,Tulley,Larrie,tlarrielt@theguardian.com,M,Canada
787,Clareta,Turbill,cturbilllu@sciencedirect.com,F,Canada
788,Cherilynn,Jeavons,cjeavonslv@weebly.com,F,Canada
789,Xylia,Muzzini,xmuzzinilw@columbia.edu,F,Canada
790,Cher,Hulatt,chulattlx@alibaba.com,F,Canada
791,Lisabeth,Mattussevich,lmattussevichly@altervista.org,F,Canada
792,Brynn,MacMaykin,bmacmaykinlz@vistaprint.com,F,Canada
793,Austen,Wybrow,awybrowm0@hp.com,M,Canada
794,Rebe,Arnott,rarnottm1@flavors.me,F,Canada
795,Derek,Elcoate,delcoatem2@google.com.br,M,Canada
796,Devan,Akroyd,dakroydm3@ucla.edu,F,Canada
797,Alberik,Garnsey,agarnseym4@facebook.com,M,Canada
798,Curry,Kale,ckalem5@gravatar.com,M,Canada
799,Irma,Coburn,icoburnm6@ca.gov,F,Canada
800,Kirbee,Josephsen,kjosephsenm7@github.com,F,Canada
801,Devon,Tichelaar,dtichelaarm8@china.com.cn,F,Canada
802,Walker,Klimczak,wklimczakm9@chron.com,M,Canada
803,Brittney,Tucknott,btucknottma@chicagotribune.com,F,Canada
804,Ilsa,Paolino,ipaolinomb@bing.com,F,Canada
805,Romy,Southwick,rsouthwickmc@ifeng.com,F,Canada
806,Fredrika,Vaadeland,fvaadelandmd@ovh.net,F,Canada
807,Guenevere,Copnar,gcopnarme@de.vu,F,Canada
808,Emanuel,Sorey,esoreymf@goodreads.com,M,Canada
809,Calla,Antoszewski,cantoszewskimg@symantec.com,F,Canada
810,Cristi,Exeter,cexetermh@istockphoto.com,F,Canada
811,Irving,Downs,idownsmi@networkadvertising.org,M,Canada
812,Gaultiero,Zuann,gzuannmj@gravatar.com,M,Canada
813,Kasper,Shone,kshonemk@ucoz.com,M,Canada
814,Marissa,Schubart,mschubartml@seesaa.net,F,Canada
815,Artemas,Jerrold,ajerroldmm@bravesites.com,M,Canada
816,Elisabetta,Scougall,escougallmn@examiner.com,F,Canada
817,Isis,Cawston,icawstonmo@bigcartel.com,F,Canada
818,Arnold,Gartin,agartinmp@twitter.com,M,Canada
819,Wat,Cowlishaw,wcowlishawmq@samsung.com,M,Canada
820,Cari,Vane,cvanemr@blinklist.com,F,Canada
821,Agneta,Duligall,aduligallms@howstuffworks.com,F,Canada
822,Dulcinea,Wollard,dwollardmt@storify.com,F,Canada
823,Humphrey,Dikes,hdikesmu@epa.gov,M,Canada
824,Kalle,Alflatt,kalflattmv@ustream.tv,M,Canada
825,Booth,Youtead,byouteadmw@mozilla.com,M,Canada
826,Bryanty,Grelak,bgrelakmx@de.vu,M,Canada
827,Gisele,Smitherman,gsmithermanmy@illinois.edu,F,Canada
828,Pepito,Coppens,pcoppensmz@independent.co.uk,M,Canada
829,Russ,Briar,rbriarn0@ehow.com,M,Canada
830,Toinette,Morrell,tmorrelln1@tinyurl.com,F,Canada
831,Lilli,Meins,lmeinsn2@stumbleupon.com,F,Canada
832,Amery,Le Grove,alegroven3@mashable.com,M,Canada
833,Frederich,Goulborn,fgoulbornn4@japanpost.jp,M,Canada
834,Linn,Schulze,lschulzen5@linkedin.com,F,Canada
835,Kori,O' Cloney,kocloneyn6@prnewswire.com,F,Canada
836,Emmanuel,Argont,eargontn7@sciencedirect.com,M,Canada
837,Dav,Orman,dormann8@ebay.co.uk,M,Canada
838,Rance,Borleace,rborleacen9@tmall.com,M,Canada
839,Lorry,Eyers,leyersna@opera.com,M,Canada
840,Rosemary,Petriello,rpetriellonb@blog.com,F,Canada
841,Enrique,Clinton,eclintonnc@soup.io,M,Canada
842,Culley,McInally,cmcinallynd@opera.com,M,Canada
843,Raffaello,Sheed,rsheedne@hibu.com,M,Canada
844,Federico,Budd,fbuddnf@ucsd.edu,M,Canada
845,Jenni,Nelthorpe,jnelthorpeng@mysql.com,F,Canada
846,Conchita,Jaspar,cjasparnh@scientificamerican.com,F,Canada
847,Darby,Haily,dhailyni@wikipedia.org,M,Canada
848,Brian,Hesser,bhessernj@techcrunch.com,M,Canada
849,Zebulen,Quincey,zquinceynk@prweb.com,M,Canada
850,Reinald,Bulley,rbulleynl@washingtonpost.com,M,Canada
851,Eberhard,Vasilechko,evasilechkonm@cnet.com,M,Canada
852,Lou,Osgorby,losgorbynn@zdnet.com,M,Canada
853,Augy,Choupin,achoupinno@dropbox.com,M,Canada
854,Massimo,Battram,mbattramnp@reverbnation.com,M,Canada
855,Gertrud,MacTague,gmactaguenq@sourceforge.net,F,Canada
856,Shayne,Feehily,sfeehilynr@edublogs.org,M,Canada
857,Niven,Bessett,nbessettns@yale.edu,M,Canada
858,Langston,Berndtsson,lberndtssonnt@dmoz.org,M,Canada
859,Onfre,Iacovone,oiacovonenu@last.fm,M,Canada
860,Herve,Lowten,hlowtennv@sina.com.cn,M,Canada
861,Dru,Sepey,dsepeynw@europa.eu,M,Canada
862,Anjela,Gundry,agundrynx@people.com.cn,F,Canada
863,Karel,Nutbeem,knutbeemny@geocities.jp,M,Canada
864,Milty,Chipchase,mchipchasenz@delicious.com,M,Canada
865,Meggie,Dibble,mdibbleo0@sitemeter.com,F,Canada
866,Ariela,Avrahamoff,aavrahamoffo1@tinyurl.com,F,Canada
867,Gilly,Montier,gmontiero2@mapy.cz,F,Canada
868,Ethelin,Denyagin,edenyagino3@ifeng.com,F,Canada
869,Leann,Warwicker,lwarwickero4@abc.net.au,F,Canada
870,Lethia,Jonson,ljonsono5@whitehouse.gov,F,Canada
871,Vinnie,Humberstone,vhumberstoneo6@pagesperso-orange.fr,M,Canada
872,Meir,Esmonde,mesmondeo7@bloglines.com,M,Canada
873,Kamila,Gunda,kgundao8@bbb.org,F,Canada
874,Lancelot,Hardaker,lhardakero9@phoca.cz,M,Canada
875,Luciano,Bourdis,lbourdisoa@goo.ne.jp,M,Canada
876,Ignaz,Reiners,ireinersob@chronoengine.com,M,Canada
877,Augie,Bartoszewski,abartoszewskioc@engadget.com,M,Canada
878,Maddie,Gudgeon,mgudgeonod@list-manage.com,M,Canada
879,Pasquale,Simakov,psimakovoe@prweb.com,M,Canada
880,Etti,Torricina,etorricinaof@fotki.com,F,Canada
881,Moina,Halsall,mhalsallog@123-reg.co.uk,F,Canada
882,Ariela,Blaby,ablabyoh@admin.ch,F,Canada
883,Hailee,Reboulet,hrebouletoi@wunderground.com,F,Canada
884,Prentice,Gravells,pgravellsoj@paginegialle.it,M,Canada
885,Scotti,Dymick,sdymickok@mit.edu,M,Canada
886,Cris,Nicholes,cnicholesol@sakura.ne.jp,F,Canada
887,Mar,Ashling,mashlingom@yandex.ru,M,Canada
888,Brandy,Fernier,bfernieron@miibeian.gov.cn,F,Canada
889,Ayn,Schulze,aschulzeoo@wp.com,F,Canada
890,Robinette,Rain,rrainop@prlog.org,F,Canada
891,Reine,Athey,ratheyoq@nps.gov,F,Canada
892,Stacy,Morgen,smorgenor@shop-pro.jp,F,Canada
893,Maegan,Syseland,msyselandos@google.co.uk,F,Canada
894,Renard,O'Corren,rocorrenot@hibu.com,M,Canada
895,Alyss,Ollet,aolletou@wiley.com,F,Canada
896,Spike,Pitney,spitneyov@stumbleupon.com,M,Canada
897,Doloritas,Fritschel,dfritschelow@nydailynews.com,F,Canada
898,Donn,Gladwin,dgladwinox@parallels.com,M,Canada
899,Nollie,Trobridge,ntrobridgeoy@spiegel.de,M,Canada
900,Kirsti,Ruffell,kruffelloz@scribd.com,F,Canada
901,Brooke,Cuxson,bcuxsonp0@vimeo.com,F,Canada
902,Llewellyn,McAirt,lmcairtp1@dedecms.com,M,Canada
903,Guntar,Deare,gdearep2@drupal.org,M,Canada
904,Carson,Coppo,ccoppop3@icio.us,M,Canada
905,Laurice,Sturman,lsturmanp4@prnewswire.com,F,Canada
906,Gannie,Benwell,gbenwellp5@hibu.com,M,Canada
907,Dorthea,Jiran,djiranp6@nps.gov,F,Canada
908,Nicoline,Polsin,npolsinp7@taobao.com,F,Canada
909,Hayley,Hempshall,hhempshallp8@dedecms.com,F,Canada
910,Gifford,Lawlie,glawliep9@soundcloud.com,M,Canada
911,Brien,Milward,bmilwardpa@marketwatch.com,M,Canada
912,Aluino,Foulstone,afoulstonepb@npr.org,M,Canada
913,Bunni,Shelford,bshelfordpc@newyorker.com,F,Canada
914,Bartholomew,Velte,bveltepd@surveymonkey.com,M,Canada
915,Morganica,McMennum,mmcmennumpe@sciencedirect.com,F,Canada
916,Nolie,Keunemann,nkeunemannpf@netscape.com,F,Canada
917,Jill,Sparry,jsparrypg@arstechnica.com,F,Canada
918,Terrell,Gerardot,tgerardotph@chron.com,M,Canada
919,Dorine,Kynd,dkyndpi@google.pl,F,Canada
920,Dasya,Bunstone,dbunstonepj@google.fr,F,Canada
921,Cristabel,Cowburn,ccowburnpk@indiegogo.com,F,Canada
922,Cad,Jollie,cjolliepl@gravatar.com,M,Canada
923,Felicdad,Dammarell,fdammarellpm@livejournal.com,F,Canada
924,Laurence,Pendrey,lpendreypn@wunderground.com,M,Canada
925,Elke,Bulbeck,ebulbeckpo@mozilla.org,F,Canada
926,Westleigh,Pettendrich,wpettendrichpp@kickstarter.com,M,Canada
927,Calvin,Grishechkin,cgrishechkinpq@samsung.com,M,Canada
928,Rebekah,Burchett,rburchettpr@ibm.com,F,Canada
929,Kristina,MacCrachen,kmaccrachenps@flickr.com,F,Canada
930,Yettie,Mathes,ymathespt@mapquest.com,F,Canada
931,Kalvin,Scotti,kscottipu@netscape.com,M,Canada
932,Riane,McCrillis,rmccrillispv@weather.com,F,Canada
933,Camala,Barthropp,cbarthropppw@hugedomains.com,F,Canada
934,Johnathon,Wandrack,jwandrackpx@house.gov,M,Canada
935,Salem,Penkethman,spenkethmanpy@ezinearticles.com,M,Canada
936,Mattias,Rennles,mrennlespz@github.com,M,Canada
937,Kathy,Bercevelo,kberceveloq0@xrea.com,F,Canada
938,Avigdor,Dedmam,adedmamq1@last.fm,M,Canada
939,Ulric,MacGinney,umacginneyq2@1688.com,M,Canada
940,Hollyanne,Ebbing,hebbingq3@printfriendly.com,F,Canada
941,Miguela,Kisting,mkistingq4@ebay.com,F,Canada
942,Bondy,Orred,borredq5@geocities.com,M,Canada
943,Constantina,McKeran,cmckeranq6@kickstarter.com,F,Canada
944,Pavla,Egar,pegarq7@cisco.com,F,Canada
945,Cynthea,Timby,ctimbyq8@earthlink.net,F,Canada
946,Ewan,Crunden,ecrundenq9@forbes.com,M,Canada
947,Meara,Baroche,mbarocheqa@howstuffworks.com,F,Canada
948,Averil,Ponsford,aponsfordqb@sfgate.com,F,Canada
949,Elfreda,Threader,ethreaderqc@army.mil,F,Canada
950,Gertruda,Jahnel,gjahnelqd@theguardian.com,F,Canada
951,Wendell,Porson,wporsonqe@blogspot.com,M,Canada
952,Keslie,Puddephatt,kpuddephattqf@slideshare.net,F,Canada
953,Garvy,Dwane,gdwaneqg@sbwire.com,M,Canada
954,Rip,Bottrill,rbottrillqh@shinystat.com,M,Canada
955,Tarrah,Regan,treganqi@vimeo.com,F,Canada
956,Mercy,Machans,mmachansqj@soup.io,F,Canada
957,Matthieu,Mechi,mmechiqk@thetimes.co.uk,M,Canada
958,Buckie,Kabos,bkabosql@latimes.com,M,Canada
959,Harlene,Schooling,hschoolingqm@weibo.com,F,Canada
960,Trefor,Pashan,tpashanqn@diigo.com,M,Canada
961,Konrad,Landeg,klandegqo@issuu.com,M,Canada
962,Ora,Merwede,omerwedeqp@cmu.edu,F,Canada
963,Arvin,Sambles,asamblesqq@example.com,M,Canada
964,Denny,Slatford,dslatfordqr@elegantthemes.com,F,Canada
965,Leigha,Dix,ldixqs@ed.gov,F,Canada
966,Renado,Merwood,rmerwoodqt@blinklist.com,M,Canada
967,Nicki,Witchell,nwitchellqu@princeton.edu,F,Canada
968,Stanleigh,McReedy,smcreedyqv@furl.net,M,Canada
969,Morly,Oldale,moldaleqw@homestead.com,M,Canada
970,Christalle,O'Hoey,cohoeyqx@yandex.ru,F,Canada
971,Yevette,Bernardotte,ybernardotteqy@instagram.com,F,Canada
972,Sabine,Allen,sallenqz@cornell.edu,F,Canada
973,Kariotta,Langfitt,klangfittr0@uiuc.edu,F,Canada
974,Missie,Wookey,mwookeyr1@home.pl,F,Canada
975,Hillary,Itzcovich,hitzcovichr2@ovh.net,M,Canada
976,Dolf,Turnbull,dturnbullr3@hostgator.com,M,Canada
977,Gracie,Wevell,gwevellr4@jimdo.com,F,Canada
978,Vaughn,Childs,vchildsr5@youku.com,M,Canada
979,Wain,Hugin,whuginr6@dedecms.com,M,Canada
980,Carlene,Longhorne,clonghorner7@time.com,F,Canada
981,Dallas,Callacher,dcallacherr8@hao123.com,M,Canada
982,Arlette,Durdle,adurdler9@nature.com,F,Canada
983,Ingamar,Jarrette,ijarrettera@biblegateway.com,M,Canada
984,Nicko,Garter,ngarterrb@addthis.com,M,Canada
985,Trever,Dorie,tdorierc@tripod.com,M,Canada
986,Katherina,Klulik,kklulikrd@bluehost.com,F,Canada
987,Adoree,Langsbury,alangsburyre@webs.com,F,Canada
988,Vivi,Varga,vvargarf@un.org,F,Canada
989,Amalita,O'Sculley,aosculleyrg@odnoklassniki.ru,F,Canada
990,Morey,Jouannin,mjouanninrh@timesonline.co.uk,M,Canada
991,Putnam,Elbourn,pelbournri@baidu.com,M,Canada
992,Hagan,Jeannequin,hjeannequinrj@jimdo.com,M,Canada
993,Forrester,Pawlett,fpawlettrk@youku.com,M,Canada
994,Lora,Sproul,lsproulrl@ning.com,F,Canada
995,Gayle,Child,gchildrm@hud.gov,M,Canada
996,Margery,De Coursey,mdecourseyrn@walmart.com,F,Canada
997,Aldus,Gorden,agordenro@g.co,M,Canada
998,Howie,Lucas,hlucasrp@dropbox.com,M,Canada
999,Orazio,Rosling,oroslingrq@redcross.org,M,Canada
1000,Sherm,MacCallester,smaccallesterrr@hp.com,M,Canada
